"Timestamp","Date","Author","Reviewer","Branch","PassedReview","ReviewMinutes"
"9/16/2016 7:43:18",2016-09-16,"A1","R1",585,"no",70
"9/17/2016 7:12:13",2016-09-17,"A1","R1",632,"no",55
"9/17/2016 7:32:07",2016-09-17,"A1","R1",614,"no",13
"9/17/2016 7:59:07",2016-09-17,"A1","R1",476,"no",18
"9/18/2016 7:22:27",2016-09-18,"A1","R1",405,"yes",15
"9/19/2016 7:43:30",2016-09-19,"A1","R1",612,"no",52
"10/4/2016 7:21:27",2016-10-04,"A1","R1",476,"no",45
"10/4/2016 8:02:14",2016-10-04,"A1","R1",213,"no",45
"10/8/2016 7:47:47",2016-10-08,"A1","R1",476,"yes",30
"10/8/2016 7:54:26",2016-10-08,"A1","R1",213,"yes",7
"10/10/2016 8:10:46",2016-10-10,"A1","R1",418,"yes",32
"10/12/2016 7:55:07",2016-10-12,"A1","R1",509,"no",75
"10/17/2016 7:54:53",2016-10-17,"A1","R1",647,"no",80
"10/18/2016 6:42:28",2016-10-18,"A1","R1",585,"no",25
"10/21/2016 7:03:23",2016-10-21,"A1","R1",645,"no",33
"10/25/2016 10:03:39",2016-10-25,"A1","R1",649,"no",95
"10/27/2016 8:04:53",2016-10-27,"A1","R1",649,"no",100
"10/27/2016 13:56:34",2016-10-27,"A2","R2",649,"no",15
"10/28/2016 7:44:57",2016-10-28,"A1","R1",647,"no",80
"11/2/2016 7:52:40",2016-11-02,"A1","R1",647,"no",55
"11/3/2016 7:44:37",2016-11-03,"A1","R1",647,"yes",32
"11/4/2016 8:05:25",2016-11-04,"A1","R1",686,"no",62
"11/6/2016 6:48:34",2016-11-06,"A1","R1",646,"no",120
"11/8/2016 7:44:54",2016-11-08,"A1","R1",646,"no",72
"11/10/2016 6:35:58",2016-11-10,"A1","R1",650,"yes",10
"11/10/2016 6:36:23",2016-11-10,"A1","R1",646,"yes",20
"11/11/2016 6:39:31",2016-11-11,"A1","R1",541,"yes",5
"11/11/2016 6:41:50",2016-11-11,"A1","R1",700,"yes",5
"11/17/2016 10:16:11",2016-11-17,"A1","R1",509,"no",140
"11/20/2016 7:43:22",2016-11-20,"A1","R1",661,"yes",14
"11/21/2016 7:05:49",2016-11-21,"A1","R1",732,"yes",10
"11/21/2016 8:01:44",2016-11-21,"A1","R1",560,"no",54
"11/24/2016 7:14:12",2016-11-24,"A1","R1",506,"yes",12
"11/24/2016 7:51:40",2016-11-24,"A1","R1",616,"yes",35
"11/24/2016 12:19:31",2016-11-24,"A1","R1",585,"no",105
"11/25/2016 7:52:30",2016-11-25,"A1","R1",572,"no",42
"11/27/2016 8:02:56",2016-11-27,"A1","R1",674,"no",115
"11/30/2016 7:54:59",2016-11-30,"A1","R1",740,"no",65
"12/2/2016 10:00:40",2016-12-02,"A2","R2",754,"yes",15
"12/2/2016 10:10:23",2016-12-02,"A2","R2",741,"yes",45
"12/7/2016 17:59:14",2016-12-07,"A2","R2",744,"yes",60
"12/8/2016 12:38:18",2016-12-08,"A1","R1",740,"no",155
"12/10/2016 7:11:36",2016-12-10,"A1","R1",740,"yes",20
"12/10/2016 8:17:11",2016-12-10,"A1","R1",572,"no",65
"12/13/2016 16:20:29",2016-12-13,"A2","R2",585,"yes",45
"12/14/2016 7:49:19",2016-12-14,"A1","R1",572,"yes",30
"12/15/2016 6:25:26",2016-12-15,"A1","R1",782,"yes",4
"12/16/2016 8:07:31",2016-12-16,"A1","R1",766,"yes",10
"12/16/2016 8:13:27",2016-12-16,"A1","R1",764,"yes",25
"12/17/2016 7:20:33",2016-12-17,"A1","R1",774,"yes",25
"12/18/2016 6:58:19",2016-12-18,"A1","R1",674,"yes",100
"12/22/2016 11:12:37",2016-12-22,"A2","R2",648,"yes",30
"12/23/2016 10:20:46",2016-12-23,"A1","R1",756,"no",29
"12/24/2016 8:12:25",2016-12-24,"A1","R1",660,"no",60
"12/27/2016 12:35:56",2016-12-27,"A1","R1",759,"no",35
"12/28/2016 10:10:15",2016-12-28,"A1","R1",770,"no",90
"1/9/2017 9:30:58",2017-01-09,"A1","R1",802,"yes",10
"1/9/2017 10:01:34",2017-01-09,"A1","R1",801,"yes",20
"1/9/2017 11:13:50",2017-01-09,"A2","R2",793,"yes",90
"1/11/2017 10:11:44",2017-01-11,"A1","R1",812,"yes",70
"1/11/2017 10:15:42",2017-01-11,"A1","R1",798,"yes",8
"1/11/2017 10:34:17",2017-01-11,"A1","R1",816,"no",10
"1/12/2017 7:28:40",2017-01-12,"A1","R1",836,"yes",5
"1/12/2017 7:29:00",2017-01-12,"A1","R1",837,"yes",5
"1/12/2017 7:48:09",2017-01-12,"A1","R1",800,"yes",30
"1/13/2017 7:53:39",2017-01-13,"A1","R1",794,"yes",20
"1/14/2017 7:32:02",2017-01-14,"A1","R1",817,"yes",50
"1/15/2017 8:05:12",2017-01-15,"A1","R1",810,"yes",90
"1/16/2017 8:00:14",2017-01-16,"A1","R1",64,"no",80
"1/17/2017 7:51:53",2017-01-17,"A1","R1",808,"yes",40
"1/17/2017 7:56:04",2017-01-17,"A1","R1",843,"yes",15
"1/18/2017 15:14:29",2017-01-17,"A2","R2",834,"yes",30
"1/18/2017 15:17:45",2017-01-18,"A2","R2",804,"yes",5
"1/23/2017 8:12:38",2017-01-23,"A1","R1",64,"no",90
"1/23/2017 10:02:45",2017-01-23,"A1","R1",818,"yes",3
"1/23/2017 10:17:38",2017-01-23,"A1","R1",821,"yes",8
"1/23/2017 10:31:53",2017-01-23,"A1","R1",827,"yes",18
"1/23/2017 10:36:35",2017-01-23,"A1","R1",106,"yes",7
"1/23/2017 10:43:47",2017-01-23,"A1","R1",822,"yes",5
"1/24/2017 7:40:28",2017-01-24,"A1","R1",844,"no",46
"1/25/2017 8:58:19",2017-01-25,"A1","R1",844,"yes",40
"1/27/2017 17:25:44",2017-01-27,"A2","R2",856,"yes",15
"1/28/2017 6:37:02",2017-01-28,"A1","R1",856,"yes",90
"1/28/2017 8:47:23",2017-01-28,"A1","R1",64,"yes",50
"1/29/2017 7:14:34",2017-01-29,"A1","R1",829,"yes",40
"1/30/2017 11:41:24",2017-01-30,"A2","R2",733,"no",30
"1/30/2017 13:31:28",2017-01-30,"A2","R2",771,"yes",45
"1/30/2017 15:23:31",2017-01-30,"A2","R2",775,"yes",45
"1/31/2017 7:08:41",2017-01-31,"A1","R1",845,"yes",12
"1/31/2017 8:15:16",2017-01-31,"A1","R1",105,"no",70
"2/2/2017 11:05:35",2017-02-02,"A1","R1",105,"yes",12
"2/2/2017 17:34:29",2017-02-02,"A2","R2",733,"yes",30
"2/3/2017 17:12:30",2017-02-03,"A2","R2",771,"yes",30
"2/6/2017 14:17:14",2017-02-06,"A2","R2",775,"yes",15
"2/7/2017 6:50:16",2017-02-07,"A1","R1",859,"yes",10
"2/7/2017 7:56:43",2017-02-07,"A1","R1",640,"no",55
"2/8/2017 10:28:05",2017-02-08,"A1","R1",640,"no",21
"2/9/2017 7:06:33",2017-02-09,"A1","R1",870,"yes",7
"2/9/2017 7:23:51",2017-02-09,"A1","R1",878,"yes",8
"2/10/2017 17:26:09",2017-02-09,"A2","R2",673,"yes",120
"2/10/2017 17:27:19",2017-02-10,"A2","R2",669,"yes",60
"2/11/2017 6:37:19",2017-02-11,"A1","R1",897,"yes",6
"2/11/2017 7:14:44",2017-02-11,"A1","R1",640,"yes",36
"2/11/2017 7:30:05",2017-02-11,"A1","R1",871,"yes",15
"2/14/2017 10:35:38",2017-02-14,"A1","R1",895,"yes",75
"2/14/2017 15:02:19",2017-02-14,"A2","R2",671,"yes",15
"2/16/2017 7:45:13",2017-02-16,"A1","R1",612,"no",70
"2/16/2017 10:00:57",2017-02-16,"A1","R1",612,"yes",18
"2/16/2017 10:01:21",2017-02-16,"A1","R1",806,"yes",5
"2/16/2017 15:35:49",2017-02-16,"A2","R2",772,"yes",15
"2/17/2017 6:48:06",2017-02-17,"A1","R1",842,"yes",3
"2/17/2017 7:07:31",2017-02-17,"A1","R1",889,"no",16
"2/17/2017 14:52:12",2017-02-17,"A2","R2",909,"yes",30
"2/17/2017 14:52:58",2017-02-17,"A2","R2",884,"yes",15
"2/18/2017 6:51:49",2017-02-18,"A1","R1",889,"yes",10
"2/18/2017 7:37:23",2017-02-18,"A1","R1",891,"yes",45
"2/19/2017 6:31:00",2017-02-19,"A1","R1",882,"yes",39
"2/23/2017 16:02:12",2017-02-23,"A2","R2",911,"yes",15
"2/23/2017 16:39:07",2017-02-23,"A2","R1",899,"no",45
"2/25/2017 7:39:55",2017-02-25,"A1","R1",916,"no",50
"2/27/2017 14:42:07",2017-02-27,"A2","R2",899,"yes",45
"2/27/2017 14:44:05",2017-02-27,"A2","R2",915,"yes",1
"2/28/2017 6:48:24",2017-02-28,"A1","R1",916,"yes",18
"2/28/2017 7:27:14",2017-02-28,"A1","R1",890,"yes",30
"2/28/2017 19:15:39",2017-02-27,"A2","R2",881,"yes",120
"2/28/2017 19:17:37",2017-02-28,"A2","R2",899,"yes",45
"3/1/2017 6:22:17",2017-03-01,"A1","R1",958,"yes",6
"3/1/2017 6:35:27",2017-03-01,"A1","R1",954,"yes",11
"3/1/2017 6:38:26",2017-03-01,"A1","R1",828,"yes",3
"3/1/2017 6:41:18",2017-03-01,"A1","R1",830,"yes",1
"3/3/2017 19:46:34",2017-03-03,"A2","R2",956,"no",15
"3/6/2017 6:52:27",2017-03-06,"A1","R1",955,"yes",14
"3/6/2017 7:00:42",2017-03-06,"A1","R1",959,"yes",6
"3/6/2017 7:14:40",2017-03-06,"A1","R1",961,"yes",12
"3/6/2017 16:52:26",2017-03-06,"A2","R2",956,"yes",45
"3/10/2017 6:48:11",2017-03-10,"A1","R1",841,"yes",12
"3/13/2017 15:14:16",2017-03-13,"A2","R2",929,"yes",120
"3/13/2017 16:00:20",2017-03-13,"A2","R2",1020,"yes",30
"3/14/2017 11:07:43",2017-03-14,"A1","R1",965,"yes",8
"3/14/2017 13:08:14",2017-03-14,"A2","R2",1023,"yes",60
"3/14/2017 13:09:44",2017-03-13,"A2","R2",964,"yes",60
"3/15/2017 8:58:26",2017-03-15,"A1","R1",965,"yes",40
"3/15/2017 11:12:14",2017-03-15,"A1","R1",923,"yes",5
"3/15/2017 11:33:59",2017-03-15,"A1","R1",901,"yes",21
"3/15/2017 11:58:05",2017-03-15,"A2","R2",1023,"yes",30
"3/15/2017 15:54:15",2017-03-15,"A2","R2",1023,"yes",15
"3/15/2017 15:55:29",2017-03-15,"A2","R2",929,"yes",30
"3/16/2017 7:29:00",2017-03-16,"A1","R1",902,"yes",20
"3/16/2017 7:45:54",2017-03-16,"A1","R1",903,"yes",15
"3/16/2017 9:44:46",2017-03-16,"A1","R1",904,"yes",9
"3/17/2017 17:35:58",2017-03-17,"A2","R2",1033,"yes",15
"3/18/2017 7:17:08",2017-03-18,"A1","R1",994,"yes",8
"3/18/2017 8:12:15",2017-03-18,"A1","R1",1030,"no",44
"3/19/2017 7:19:10",2017-03-19,"A1","R1",1032,"yes",35
"3/20/2017 17:14:25",2017-03-20,"A2","R2",1036,"yes",15
"3/20/2017 17:14:40",2017-03-20,"A2","R2",1037,"yes",15
"3/21/2017 7:27:00",2017-03-21,"A1","R1",1030,"yes",75
"3/22/2017 7:24:59",2017-03-22,"A1","R1",1038,"yes",32
"3/22/2017 10:34:50",2017-03-22,"A1","R1",854,"no",30
"3/22/2017 10:37:45",2017-03-22,"A1","R1",1034,"no",23
"3/23/2017 6:54:55",2017-03-23,"A1","R1",1034,"yes",20
"3/23/2017 10:33:16",2017-03-23,"A1","R1",1045,"yes",50
"3/23/2017 12:59:12",2017-03-23,"A2","R2",1046,"yes",15
"3/24/2017 7:17:50",2017-03-24,"A1","R1",1035,"no",30
"3/24/2017 7:59:14",2017-03-24,"A1","R1",1039,"no",42
"3/25/2017 6:49:45",2017-03-25,"A1","R1",1035,"yes",8
"3/27/2017 16:14:01",2017-03-27,"A2","R2",1047,"yes",30
"3/27/2017 16:14:18",2017-03-27,"A2","R2",1049,"yes",30
"3/28/2017 14:34:53",2017-03-28,"A2","R1",788,"yes",60
"4/4/2017 7:56:06",2017-04-04,"A1","R1",855,"no",42
"4/5/2017 7:08:59",2017-04-05,"A1","R1",855,"yes",16
"4/5/2017 7:38:41",2017-04-05,"A1","R1",864,"no",26
"4/5/2017 7:56:30",2017-04-05,"A1","R1",951,"no",17
"4/6/2017 7:35:54",2017-04-06,"A1","R1",864,"no",63
"4/6/2017 7:46:58",2017-04-06,"A1","R1",750,"yes",5
"4/6/2017 8:06:24",2017-04-06,"A1","R1",850,"yes",15
"4/7/2017 7:06:29",2017-04-07,"A1","R1",864,"yes",22
"4/7/2017 7:08:09",2017-04-07,"A1","R1",1040,"yes",3
"4/7/2017 19:36:10",2017-04-07,"A2","R2",1043,"yes",15
"4/10/2017 17:07:46",2017-04-10,"A2","R2",1010,"yes",15
"4/10/2017 17:08:10",2017-04-10,"A2","R2",1011,"yes",15
"4/12/2017 7:10:30",2017-04-12,"A1","R1",823,"no",18
"4/12/2017 7:29:08",2017-04-12,"A1","R1",868,"no",18
"4/13/2017 7:51:34",2017-04-13,"A1","R1",906,"yes",30
"4/17/2017 10:14:00",2017-04-17,"A1","R1",969,"yes",62
"4/17/2017 11:03:53",2017-04-17,"A1","R1",1052,"no",42
"4/18/2017 7:36:38",2017-04-18,"A1","R1",1059,"yes",11
"4/18/2017 11:13:37",2017-04-18,"A2","R2",919,"yes",5
"4/19/2017 8:01:33",2017-04-19,"A1","R1",1074,"no",41
"4/21/2017 7:06:33",2017-04-21,"A1","R1",1052,"yes",35
"4/21/2017 7:25:57",2017-04-21,"A1","R1",1052,"yes",12
"4/22/2017 7:34:30",2017-04-22,"A1","R1",1068,"yes",35
"4/24/2017 7:49:17",2017-04-24,"A1","R1",1052,"no",120
"4/26/2017 11:02:05",2017-04-26,"A1","R1",1052,"no",120
"4/26/2017 15:17:30",2017-04-26,"A2","R2",1053,"yes",15
"4/28/2017 7:45:33",2017-04-28,"A1","R1",1052,"yes",65
"4/28/2017 10:58:38",2017-04-28,"A1","R1",1074,"no",62
"4/28/2017 11:38:48",2017-04-28,"A1","R1",1066,"no",38
"5/1/2017 9:51:12",2017-05-01,"A1","R1",1066,"yes",140
"5/4/2017 7:25:01",2017-05-04,"A1","R1",1098,"yes",32
"5/4/2017 10:51:21",2017-05-04,"A1","R1",1074,"no",120
"5/4/2017 11:47:58",2017-05-04,"A1","R1",1067,"no",50
"5/5/2017 10:49:04",2017-05-05,"A1","R1",1074,"yes",120
"5/5/2017 11:33:27",2017-05-05,"A1","R1",1074,"no",20
"5/6/2017 7:31:24",2017-05-06,"A1","R1",1074,"yes",24
"5/9/2017 7:54:00",2017-05-09,"A1","R1",1067,"no",105
"5/11/2017 7:21:29",2017-05-11,"A1","R1",1099,"no",63
"5/11/2017 10:50:27",2017-05-11,"A1","R1",1054,"no",2
"5/12/2017 7:59:29",2017-05-12,"A1","R1",1099,"no",30
"5/12/2017 11:08:15",2017-05-12,"A1","R1",1054,"yes",25
"5/13/2017 6:47:34",2017-05-13,"A1","R1",1115,"yes",9
"5/14/2017 6:57:56",2017-05-14,"A1","R1",1067,"yes",70
"5/15/2017 10:16:20",2017-05-15,"A1","R1",1072,"yes",65
"5/15/2017 14:12:26",2017-05-15,"A2","R2",1112,"yes",45
"5/16/2017 7:36:08",2017-05-16,"A1","R1",1069,"no",60
"5/17/2017 6:57:19",2017-05-17,"A1","R1",1069,"yes",33
"5/17/2017 9:48:55",2017-05-17,"A1","R1",1104,"yes",13
"5/17/2017 9:57:40",2017-05-17,"A1","R1",1104,"yes",12
"5/17/2017 10:33:41",2017-05-17,"A1","R1",1104,"no",30
"5/18/2017 6:29:56",2017-05-18,"A1","R1",1094,"yes",15
"5/18/2017 6:52:23",2017-05-18,"A1","R1",1078,"yes",22
"5/18/2017 7:01:24",2017-05-18,"A1","R1",1109,"yes",6
"5/18/2017 7:39:10",2017-05-18,"A1","R1",1110,"no",35
"5/19/2017 6:17:19",2017-05-19,"A1","R1",1110,"yes",17
"5/19/2017 7:50:53",2017-05-19,"A1","R1",1104,"no",88
"5/24/2017 7:15:31",2017-05-24,"A1","R1",1127,"yes",50
"5/24/2017 11:27:12",2017-05-23,"A2","R2",1126,"yes",30
"5/25/2017 7:13:28",2017-05-25,"A1","R1",1111,"no",32
"5/25/2017 7:43:36",2017-05-25,"A1","R1",1130,"no",25
"5/25/2017 7:56:15",2017-05-25,"A1","R1",1116,"yes",11
"5/26/2017 10:28:43",2017-05-26,"A2","R2",1125,"yes",30
"5/29/2017 7:06:34",2017-05-29,"A1","R1",1104,"yes",36
"5/30/2017 7:57:23",2017-05-30,"A1","R1",1129,"yes",47
"5/31/2017 6:45:54",2017-05-31,"A1","R1",1137,"yes",14
"5/31/2017 7:12:36",2017-05-31,"A1","R1",1137,"yes",24
"5/31/2017 7:58:10",2017-05-31,"A1","R1",1104,"no",29
"5/31/2017 10:39:22",2017-05-31,"A1","R1",1108,"no",10
"5/31/2017 11:12:57",2017-05-31,"A1","R1",1104,"yes",32
"6/1/2017 6:51:00",2017-06-01,"A1","R1",1147,"yes",11
"6/1/2017 9:59:46",2017-06-01,"A1","R1",1108,"yes",31
"6/2/2017 9:04:58",2017-06-02,"A1","R1",1141,"yes",16
"6/2/2017 11:20:36",2017-06-02,"A2","R2",1148,"yes",15
"6/3/2017 7:25:17",2017-06-03,"A1","R1",1139,"yes",73
"6/3/2017 7:47:59",2017-06-03,"A1","R1",1117,"yes",14
"6/5/2017 10:56:05",2017-06-05,"A2","R2",1119,"no",45
"6/5/2017 10:59:16",2017-06-05,"A2","R2",1118,"yes",15
"6/6/2017 15:10:11",2017-06-06,"A2","R2",1009,"yes",15
"6/7/2017 16:00:45",2017-06-07,"A2","R2",1163,"yes",15
"6/8/2017 7:51:15",2017-06-08,"A1","R1",1162,"no",70
"6/8/2017 10:02:32",2017-06-08,"A1","R1",1158,"yes",10
"6/8/2017 10:55:31",2017-06-08,"A1","R1",1151,"no",45
"6/9/2017 5:45:58",2017-06-09,"A1","R1",1164,"yes",7
"6/10/2017 7:48:34",2017-06-10,"A1","R1",1146,"yes",33
"6/11/2017 7:39:55",2017-06-11,"A1","R1",1172,"yes",12
"6/12/2017 7:48:10",2017-06-12,"A1","R1",1048,"yes",60
"6/13/2017 7:35:39",2017-06-13,"A1","R1",1150,"yes",20
"6/13/2017 7:48:03",2017-06-13,"A1","R1",1196,"yes",6
"6/13/2017 7:56:18",2017-06-13,"A1","R1",1195,"yes",7
"6/13/2017 14:20:31",2017-06-13,"A2","R2",1008,"yes",30
"6/28/2017 11:46:14",2017-06-28,"A1","R1",1160,"no",80
"6/29/2017 10:52:51",2017-06-29,"A1","R1",1160,"yes",105
"6/29/2017 11:16:47",2017-06-29,"A1","R1",1166,"no",25
"6/30/2017 7:38:22",2017-06-30,"A1","R1",1166,"yes",30
"6/30/2017 11:14:04",2017-06-30,"A1","R1",1226,"yes",48
"7/1/2017 7:33:59",2017-07-01,"A1","R1",1208,"yes",20
"7/1/2017 9:11:33",2017-07-01,"A1","R1",996,"no",75
"7/14/2017 16:19:02",2017-07-14,"A2","R2",1175,"yes",30
"7/15/2017 7:49:10",2017-07-15,"A1","R1",1041,"yes",23
"7/24/2017 15:08:57",2017-07-24,"A2","R2",1236,"yes",30
"7/24/2017 15:09:16",2017-07-24,"A2","R2",1238,"yes",30
"8/1/2017 7:35:49",2017-08-01,"A1","R1",525,"yes",25
"8/1/2017 8:04:33",2017-08-01,"A1","R1",1223,"yes",22
"8/2/2017 8:11:20",2017-08-02,"A1","R1",1233,"yes",34
"8/2/2017 10:09:04",2017-08-02,"A1","R1",835,"yes",12
"8/2/2017 10:36:04",2017-08-02,"A1","R1",1243,"no",25
"8/2/2017 11:06:17",2017-08-02,"A1","R1",1234,"yes",27
"8/4/2017 7:51:27",2017-08-04,"A1","R1",525,"no",72
"8/5/2017 7:02:05",2017-08-05,"A1","R1",1231,"yes",7
"8/7/2017 8:21:19",2017-08-07,"A1","R1",990,"yes",23
"8/7/2017 8:44:59",2017-08-07,"A1","R1",1237,"yes",20
"8/7/2017 9:15:15",2017-08-07,"A1","R1",1194,"yes",25
"8/7/2017 10:14:19",2017-08-07,"A1","R1",1122,"yes",6
"8/7/2017 11:08:03",2017-08-07,"A1","R1",1121,"yes",20
"8/8/2017 15:30:43",2017-08-08,"A2","R2",1255,"yes",15
"8/9/2017 6:56:14",2017-08-09,"A1","R1",997,"no",35
"8/14/2017 10:41:19",2017-08-14,"A1","R1",1272,"yes",35
"8/15/2017 7:49:59",2017-08-15,"A1","R1",997,"no",64
"8/16/2017 11:31:22",2017-08-16,"A1","R1",997,"yes",90
"8/17/2017 11:29:07",2017-08-17,"A1","R1",1251,"yes",145
"8/21/2017 10:57:26",2017-08-21,"A1","R1",1269,"yes",20
"8/23/2017 7:32:55",2017-08-23,"A1","R1",1276,"yes",15
"8/23/2017 7:47:12",2017-08-23,"A1","R1",1277,"no",12
"8/25/2017 8:09:53",2017-08-25,"A1","R1",1265,"no",30
"8/26/2017 8:04:16",2017-08-26,"A1","R1",1265,"yes",55
"8/27/2017 8:10:39",2017-08-27,"A1","R1",1257,"no",45
"8/28/2017 17:04:32",2017-08-28,"A1","R1",1257,"yes",34
"8/31/2017 10:17:01",2017-08-31,"A1","R1",1270,"yes",70
"9/7/2017 8:23:05",2017-09-07,"A1","R1",1267,"yes",85
"9/8/2017 10:47:20",2017-09-08,"A1","R1",1266,"no",90
"9/10/2017 8:18:16",2017-09-10,"A1","R1",1308,"yes",15
"9/10/2017 8:57:59",2017-09-10,"A1","R1",1319,"yes",2
"9/11/2017 11:16:41",2017-09-11,"A1","R1",1271,"yes",45
"9/16/2017 8:20:00",2017-09-16,"A1","R1",565,"no",50
"9/18/2017 16:52:22",2017-09-18,"A1","R1",1266,"yes",145
"9/19/2017 7:55:32",2017-09-19,"A1","R1",1320,"no",60
"9/19/2017 10:40:37",2017-09-19,"A1","R1",565,"yes",51
"9/21/2017 10:50:09",2017-09-21,"A1","R1",1262,"yes",90
"9/25/2017 12:16:27",2017-09-25,"A2","R2",1344,"yes",30
"9/25/2017 12:25:16",2017-09-25,"A2","R2",1341,"yes",10
"9/25/2017 13:11:54",2017-09-25,"A2","R2",1343,"yes",5
"9/26/2017 11:35:36",2017-09-25,"A2","R2",1342,"yes",30
"9/28/2017 8:19:23",2017-09-28,"A1","R1",1336,"no",47
"9/29/2017 6:45:11",2017-09-29,"A1","R1",1333,"yes",7
"9/29/2017 7:25:30",2017-09-29,"A1","R1",1280,"no",24
"9/29/2017 14:53:01",2017-09-29,"A2","R2",1376,"yes",5
"9/29/2017 15:44:28",2017-09-29,"A2","R2",1338,"yes",45
"9/29/2017 16:27:19",2017-09-29,"A2","R2",1340,"yes",30
"9/30/2017 6:54:43",2017-09-30,"A1","R1",1336,"yes",17
"9/30/2017 7:55:22",2017-09-30,"A1","R1",1280,"yes",60
"10/2/2017 17:22:42",2017-10-02,"A2","R2",1375,"yes",15
"10/4/2017 12:35:59",2017-10-04,"A1","R1",1357,"yes",16
"10/6/2017 14:57:50",2017-10-06,"A2","R2",1363,"yes",60
"10/7/2017 7:52:49",2017-10-07,"A1","R1",1380,"yes",40
"10/9/2017 7:52:46",2017-10-09,"A1","R1",1379,"yes",32
"10/10/2017 14:16:59",2017-10-10,"A2","R2",1397,"yes",45
"10/10/2017 17:52:45",2017-10-10,"A2","R2",1400,"yes",10
"10/11/2017 9:12:20",2017-10-11,"A1","R1",1352,"no",130
"10/12/2017 7:52:36",2017-10-12,"A1","R1",1352,"yes",80
"10/14/2017 8:03:14",2017-10-14,"A1","R1",1337,"yes",68
"10/17/2017 9:15:37",2017-10-16,"A2","R2",1353,"yes",30
"10/17/2017 9:15:52",2017-10-16,"A2","R2",1365,"yes",30
"10/18/2017 7:19:07",2017-10-18,"A1","R1",1362,"no",37
"10/18/2017 14:05:01",2017-10-18,"A2","R2",1362,"yes",15
"10/19/2017 7:03:33",2017-10-19,"A1","R1",1412,"yes",13
"10/23/2017 11:41:32",2017-10-23,"A1","R1",1418,"yes",13
"10/23/2017 12:02:53",2017-10-23,"A2","R2",1421,"yes",30
"10/23/2017 12:04:10",2017-10-23,"A2","R2",1416,"yes",30
"10/24/2017 7:24:38",2017-10-24,"A1","R1",1364,"yes",24
"10/24/2017 7:51:27",2017-10-24,"A1","R1",1366,"yes",17
"10/25/2017 7:58:56",2017-10-25,"A1","R1",1277,"no",53
"10/26/2017 8:00:32",2017-10-26,"A1","R1",1425,"no",60
"10/26/2017 10:50:30",2017-10-26,"A1","R1",1425,"yes",21
"10/26/2017 11:55:37",2017-10-26,"A1","R1",996,"yes",33
"10/27/2017 8:19:01",2017-10-27,"A1","R1",1277,"no",100
"10/27/2017 10:59:36",2017-10-27,"A1","R1",1346,"yes",22
"10/29/2017 7:48:52",2017-10-29,"A1","R1",1277,"yes",59
"10/30/2017 8:24:33",2017-10-30,"A1","R1",1424,"yes",57
"10/30/2017 10:58:31",2017-10-30,"A1","R1",1063,"no",58
"11/2/2017 14:56:17",2017-11-02,"A2","R2",1447,"yes",30
"11/2/2017 14:57:04",2017-11-01,"A2","R2",1063,"yes",60
"11/3/2017 7:49:48",2017-11-03,"A1","R1",1431,"yes",18
"11/6/2017 16:39:29",2017-11-06,"A2","R2",1436,"yes",15
"11/9/2017 7:24:27",2017-11-09,"A1","R1",1402,"yes",22
"11/9/2017 10:16:10",2017-11-09,"A1","R1",1477,"no",10
"11/10/2017 8:33:32",2017-11-10,"A1","R1",1478,"yes",55
"11/13/2017 15:10:48",2017-11-13,"A2","R2",1494,"yes",60
"11/14/2017 12:22:24",2017-11-14,"A2","R2",1495,"yes",20
"11/14/2017 12:28:23",2017-11-14,"A1","R1",1481,"yes",5
"11/15/2017 7:26:49",2017-11-15,"A1","R1",1484,"yes",3
"11/15/2017 7:28:42",2017-11-15,"A1","R1",1486,"yes",2
"11/15/2017 7:42:59",2017-11-15,"A1","R1",1480,"yes",13
"11/15/2017 8:06:10",2017-11-15,"A1","R1",1483,"no",16
"11/15/2017 8:55:05",2017-11-15,"A1","R1",1430,"no",37
"11/16/2017 8:20:34",2017-11-16,"A1","R1",1482,"yes",14
"11/20/2017 12:26:56",2017-11-20,"A2","R2",1511,"yes",20
"11/20/2017 12:27:33",2017-11-20,"A2","R2",1529,"yes",15
"11/21/2017 7:37:00",2017-11-21,"A1","R1",1530,"yes",15
"11/22/2017 10:05:19",2017-11-22,"A1","R1",1517,"yes",30
"11/22/2017 10:33:29",2017-11-22,"A1","R1",1512,"yes",5
"11/22/2017 10:49:30",2017-11-22,"A1","R1",1520,"yes",15
"11/22/2017 11:20:42",2017-11-22,"A1","R1",1527,"yes",2
"11/23/2017 9:19:37",2017-11-23,"A1","R1",1521,"yes",12
"11/23/2017 13:56:26",2017-11-23,"A2","R2",1507,"yes",10
"11/23/2017 13:56:48",2017-11-23,"A2","R2",1531,"yes",5
"11/23/2017 13:57:10",2017-11-23,"A2","R2",1551,"yes",15
"11/27/2017 10:25:19",2017-11-27,"A1","R1",1483,"no",66
"11/27/2017 10:28:50",2017-11-27,"A2","R2",1553,"yes",10
"11/27/2017 11:25:26",2017-11-27,"A2","R2",1554,"yes",20
"11/28/2017 8:03:56",2017-11-28,"A1","R1",1437,"yes",25
"11/28/2017 10:36:22",2017-11-28,"A1","R1",1518,"yes",7
"11/30/2017 8:11:18",2017-11-30,"A1","R1",1504,"yes",9
"11/30/2017 8:21:51",2017-11-30,"A1","R1",505,"yes",9
"11/30/2017 8:28:20",2017-11-30,"A1","R1",1506,"yes",5
"11/30/2017 8:50:37",2017-11-30,"A1","R1",1562,"yes",4
"11/30/2017 8:58:22",2017-11-30,"A1","R1",1563,"yes",7
"11/30/2017 9:06:30",2017-11-30,"A1","R1",1564,"yes",7
"11/30/2017 9:15:34",2017-11-30,"A1","R1",1565,"yes",6
"11/30/2017 9:20:21",2017-11-30,"A1","R1",1566,"yes",3
"11/30/2017 9:27:02",2017-11-30,"A1","R1",1567,"yes",5
"11/30/2017 9:31:45",2017-11-30,"A1","R1",1568,"yes",3
"11/30/2017 9:37:23",2017-11-30,"A1","R1",1569,"yes",5
"12/1/2017 7:08:49",2017-12-01,"A1","R1",1570,"yes",8
"12/1/2017 7:13:29",2017-12-01,"A1","R1",1571,"yes",3
"12/1/2017 7:28:18",2017-12-01,"A1","R1",1508,"yes",15
"12/1/2017 7:33:46",2017-12-01,"A1","R1",1561,"yes",4
"12/5/2017 7:17:05",2017-12-05,"A1","R1",1575,"yes",10
"12/5/2017 10:57:51",2017-12-05,"A1","R1",1439,"yes",65
"12/6/2017 11:22:22",2017-12-06,"A1","R1",1599,"no",81
"12/7/2017 12:33:04",2017-12-07,"A1","R1",1096,"no",80
"12/8/2017 6:36:42",2017-12-08,"A1","R1",1514,"yes",16
"12/8/2017 6:53:49",2017-12-08,"A1","R1",1515,"yes",12
"12/8/2017 7:28:39",2017-12-08,"A1","R1",1519,"yes",2
"12/8/2017 11:09:38",2017-12-08,"A1","R1",1509,"yes",40
"12/11/2017 8:59:02",2017-12-11,"A1","R1",1096,"no",80
"12/11/2017 11:29:42",2017-12-11,"A1","R1",1549,"no",60
"12/12/2017 15:21:31",2017-12-12,"A2","R2",1598,"yes",30
"12/12/2017 15:23:42",2017-12-01,"A2","R2",1556,"yes",15
"12/12/2017 15:32:15",2017-12-12,"A2","R2",1596,"yes",15
"12/12/2017 15:35:11",2017-12-12,"A2","R2",1522,"no",30
"12/13/2017 9:48:00",2017-12-13,"A1","R1",1096,"yes",41
"12/13/2017 16:35:56",2017-12-13,"A2","R2",1609,"yes",10
"12/14/2017 7:51:11",2017-12-14,"A1","R1",1096,"yes",5
"12/14/2017 8:14:35",2017-12-14,"A1","R1",872,"yes",22
"12/14/2017 8:28:18",2017-12-14,"A1","R1",1607,"yes",10
"12/14/2017 9:07:21",2017-12-14,"A1","R1",1613,"yes",7
"12/14/2017 15:18:46",2017-12-14,"A2","R2",1615,"yes",15
"12/15/2017 15:30:13",2017-12-15,"A2","R2",1621,"no",30
"12/15/2017 16:25:27",2017-12-15,"A2","R2",1622,"yes",45
"12/15/2017 16:25:48",2017-12-15,"A2","R2",1623,"yes",15
"12/19/2017 15:48:16",2017-12-19,"A2","R2",1619,"yes",30
"12/19/2017 16:57:33",2017-12-19,"A2","R2",1621,"yes",15
"12/21/2017 10:11:18",2017-12-21,"A1","R1",1617,"yes",28
"12/21/2017 11:11:30",2017-12-21,"A1","R1",1516,"yes",56
"12/22/2017 9:48:23",2017-12-22,"A2","R2",1618,"yes",30
"12/27/2017 7:31:57",2017-12-27,"A1","R1",765,"yes",12
"12/27/2017 8:15:20",2017-12-27,"A1","R1",1608,"yes",39
"1/9/2018 11:51:02",2018-01-09,"A1","R1",1689,"yes",2
"1/31/2018 10:16:25",2018-01-31,"A1","R1",1715,"yes",23
"1/31/2018 10:51:33",2018-01-31,"A1","R1",1702,"yes",32
"2/1/2018 8:17:58",2018-02-01,"A1","R1",991,"yes",32
"2/1/2018 8:23:34",2018-02-01,"A1","R1",831,"yes",4
"2/1/2018 10:40:25",2018-02-01,"A1","R1",1719,"yes",11
"2/1/2018 14:30:25",2018-02-01,"A2","R2",1709,"yes",30
"2/1/2018 16:53:29",2018-02-01,"A2","R2",1720,"yes",15
"2/2/2018 11:04:48",2018-02-02,"A1","R1",1327,"yes",40
"2/6/2018 7:46:52",2018-02-06,"A1","R1",1594,"no",20
"2/6/2018 8:12:55",2018-02-06,"A1","R1",1610,"no",22
"2/7/2018 7:31:46",2018-02-07,"A1","R1",1739,"yes",19
"2/7/2018 8:05:54",2018-02-07,"A1","R1",1740,"yes",32
"2/7/2018 10:40:05",2018-02-07,"A1","R1",1594,"yes",40
"2/9/2018 7:55:26",2018-02-09,"A1","R1",1744,"yes",39
"2/13/2018 8:21:55",2018-02-13,"A1","R1",1750,"no",63
"2/13/2018 9:55:40",2018-02-13,"A1","R1",1750,"yes",16
"2/13/2018 10:37:07",2018-02-13,"A1","R1",1746,"no",36
"2/16/2018 8:22:31",2018-02-16,"A1","R1",1778,"yes",45
"2/21/2018 8:32:38",2018-02-21,"A1","R1",1746,"no",52
"2/21/2018 9:45:28",2018-02-21,"A1","R1",781,"no",14
"2/21/2018 12:14:58",2018-02-21,"A1","R1",1759,"yes",3
"2/22/2018 10:30:25",2018-02-22,"A1","R1",1746,"yes",86
"2/22/2018 10:57:04",2018-02-22,"A1","R1",1747,"no",20
"2/27/2018 7:05:39",2018-02-27,"A1","R1",1723,"no",15
"2/28/2018 7:37:57",2018-02-28,"A1","R1",1787,"yes",35
"2/28/2018 10:00:45",2018-02-28,"A1","R1",1747,"no",50
"3/1/2018 7:57:49",2018-03-01,"A1","R1",1748,"yes",11
"3/1/2018 10:11:08",2018-03-01,"A1","R1",1751,"yes",45
"3/3/2018 7:15:03",2018-03-03,"A1","R1",1794,"yes",15
"3/6/2018 10:28:54",2018-03-06,"A1","R1",1772,"yes",15
"3/9/2018 12:14:48",2018-03-09,"A1","R1",1806,"no",20
"3/9/2018 15:14:15",2018-03-09,"A2","R2",1824,"yes",15
"3/12/2018 11:16:01",2018-03-12,"A2","R2",1826,"yes",5
"3/13/2018 9:30:34",2018-03-13,"A1","R1",1833,"yes",30
"3/14/2018 13:55:30",2018-03-14,"A2","R2",1818,"yes",30
"3/19/2018 9:54:08",2018-03-19,"A1","R1",1830,"yes",14
"3/19/2018 14:27:27",2018-03-19,"A2","R2",1834,"yes",30
"3/19/2018 14:27:48",2018-03-19,"A2","R2",1835,"yes",15
"3/19/2018 14:28:15",2018-03-19,"A2","R2",1840,"yes",5
"3/19/2018 14:29:36",2018-03-19,"A2","R2",1841,"yes",25
"3/19/2018 14:30:00",2018-03-19,"A2","R2",1842,"yes",15
"3/20/2018 9:34:51",2018-03-20,"A2","R2",1847,"yes",15
"3/20/2018 14:13:40",2018-03-20,"A2","R2",1845,"yes",45
"3/23/2018 7:19:35",2018-03-23,"A1","R1",1827,"yes",8
"3/23/2018 7:48:25",2018-03-23,"A1","R1",1837,"yes",20
"3/23/2018 8:53:33",2018-03-23,"A1","R1",1831,"yes",30
"3/26/2018 14:00:11",2018-03-26,"A2","R2",1881,"yes",1
"4/3/2018 7:15:54",2018-04-03,"A1","R1",1877,"yes",6
"4/4/2018 9:27:54",2018-04-04,"A1","R1",1828,"yes",70
"4/4/2018 9:48:33",2018-04-04,"A1","R1",1905,"yes",30
"4/4/2018 10:10:25",2018-04-04,"A1","R1",1911,"yes",21
"4/10/2018 7:53:48",2018-04-10,"A1","R1",1898,"yes",13
"4/10/2018 10:38:31",2018-04-10,"A1","R1",1722,"yes",15
"4/10/2018 11:04:18",2018-04-10,"A1","R1",1862,"yes",21
"4/10/2018 11:28:12",2018-04-09,"A2","R2",1925,"yes",5
"4/11/2018 10:38:38",2018-04-11,"A1","R1",1909,"yes",30
"4/12/2018 8:04:33",2018-04-12,"A1","R1",1853,"yes",8
"4/13/2018 7:43:10",2018-04-13,"A1","R1",1919,"yes",12
"4/13/2018 10:53:48",2018-04-13,"A1","R1",1936,"yes",41
"4/16/2018 7:34:31",2018-04-16,"A1","R1",1726,"yes",14
"4/16/2018 7:43:08",2018-04-16,"A1","R1",1921,"yes",6
"4/16/2018 10:04:21",2018-04-16,"A1","R1",1832,"yes",50
"4/16/2018 10:34:27",2018-04-16,"A1","R1",1933,"yes",30
"4/16/2018 10:49:30",2018-04-16,"A1","R1",1932,"yes",14
"4/18/2018 10:57:07",2018-04-18,"A1","R1",1934,"no",31
"4/18/2018 11:21:54",2018-04-18,"A1","R1",1920,"yes",22
"4/18/2018 11:32:08",2018-04-18,"A1","R1",1922,"yes",9
"4/18/2018 11:56:52",2018-04-18,"A1","R1",1935,"yes",23
"4/20/2018 7:40:00",2018-04-20,"A1","R1",1966,"yes",10
"4/20/2018 7:53:05",2018-04-20,"A1","R1",1923,"yes",9
"4/24/2018 7:17:15",2018-04-24,"A1","R1",1910,"yes",50
"4/24/2018 16:57:33",2018-04-24,"A2","R2",1962,"yes",15
"4/26/2018 7:15:40",2018-04-26,"A1","R1",1970,"yes",9
"4/27/2018 12:13:15",2018-04-27,"A2","R2",1942,"yes",15
"4/27/2018 13:57:42",2018-04-27,"A2","R2",1734,"yes",5
"4/27/2018 15:33:54",2018-04-27,"A2","R2",1971,"no",30
"4/30/2018 9:41:55",2018-04-30,"A1","R1",1943,"yes",7
"4/30/2018 15:57:58",2018-04-30,"A2","R2",1942,"yes",15
"5/1/2018 9:50:44",2018-05-01,"A1","R1",1728,"yes",90
"5/2/2018 7:16:42",2018-05-02,"A1","R1",1942,"yes",17
"5/3/2018 9:19:13",2018-05-02,"A2","R2",1974,"yes",45
"5/7/2018 10:53:48",2018-05-07,"A2","R2",1979,"yes",15
"5/9/2018 16:04:52",2018-05-09,"A2","R2",1980,"yes",30
"5/12/2018 7:31:53",2018-05-12,"A1","R1",1940,"yes",60
"5/12/2018 8:07:41",2018-05-12,"A1","R1",1929,"yes",35
"5/14/2018 10:49:27",2018-05-11,"A2","R2",2012,"yes",15
"5/14/2018 10:56:40",2018-05-14,"A2","R2",2017,"yes",15
"5/16/2018 9:06:15",2018-05-16,"A1","R1",1938,"yes",75
"5/16/2018 9:30:06",2018-05-16,"A1","R1",1891,"yes",20
"5/17/2018 16:31:46",2018-05-17,"A2","R2",2019,"yes",15
"5/17/2018 16:32:07",2018-05-17,"A2","R2",2030,"yes",45
"5/18/2018 7:36:02",2018-05-18,"A1","R1",2032,"yes",6
"5/18/2018 7:37:25",2018-05-18,"A1","R1",2033,"yes",1
"5/18/2018 15:46:43",2018-05-18,"A2","R2",2034,"yes",30
"5/23/2018 16:34:01",2018-05-23,"A2","R2",2028,"yes",60
"5/23/2018 16:34:20",2018-05-23,"A2","R2",2029,"yes",15
"5/28/2018 10:38:46",2018-05-28,"A1","R1",2057,"yes",6
"5/29/2018 14:23:38",2018-05-29,"A2","R2",1838,"yes",45
"5/29/2018 16:17:21",2018-05-29,"A2","R2",2061,"yes",105
"5/30/2018 10:58:23",2018-05-30,"A2","R2",2062,"yes",60
"5/30/2018 11:47:43",2018-05-30,"A1","R1",2056,"yes",10
"5/31/2018 7:11:56",2018-05-31,"A1","R1",2056,"yes",13
"6/1/2018 15:42:31",2018-06-01,"A2","R2",2062,"yes",30
"6/5/2018 7:46:10",2018-06-05,"A1","R1",2073,"no",37
"6/5/2018 11:24:32",2018-06-04,"A2","R2",2070,"yes",30
"6/5/2018 14:52:05",2018-06-05,"A2","R2",2075,"yes",15
"6/7/2018 8:22:46",2018-06-07,"A2","R2",2077,"yes",5
"6/11/2018 9:29:55",2018-06-11,"A2","R2",2082,"yes",15
"6/11/2018 9:37:49",2018-06-11,"A2","R2",1855,"yes",5
"6/12/2018 9:14:41",2018-06-12,"A1","R1",2078,"yes",10
"6/12/2018 9:41:20",2018-06-12,"A1","R1",2053,"no",19
"6/12/2018 10:11:24",2018-06-12,"A1","R1",2064,"no",24
"6/13/2018 8:40:42",2018-06-13,"A1","R1",2106,"yes",32
"6/14/2018 15:22:13",2018-06-14,"A2","R2",2104,"yes",15
"6/14/2018 15:25:57",2018-06-07,"A2","R2",2076,"yes",15
"6/14/2018 15:26:17",2018-06-07,"A2","R2",2094,"yes",15
"6/15/2018 10:51:43",2018-06-15,"A1","R1",2053,"yes",20
"6/16/2018 8:16:50",2018-06-16,"A1","R1",2064,"no",65
"6/17/2018 7:47:35",2018-06-17,"A1","R1",2073,"yes",29
"6/19/2018 7:25:53",2018-06-19,"A1","R1",2073,"yes",10
"6/19/2018 7:44:13",2018-06-19,"A1","R1",2073,"yes",12
"6/19/2018 14:40:45",2018-06-19,"A2","R2",2009,"yes",15
"6/21/2018 10:07:29",2018-06-21,"A1","R1",2073,"no",100
"6/27/2018 9:38:50",2018-06-27,"A1","R1",2102,"yes",14
"6/27/2018 10:49:11",2018-06-27,"A1","R1",2073,"yes",63
"6/29/2018 7:52:52",2018-06-29,"A1","R1",2108,"yes",18
"7/18/2018 8:14:43",2018-07-18,"A1","R1",2035,"no",75
"7/26/2018 7:42:41",2018-07-26,"A1","R1",2183,"yes",34
"8/2/2018 7:27:47",2018-08-02,"A1","R1",2181,"no",20
"8/2/2018 7:47:29",2018-08-02,"A1","R1",2177,"yes",19
"8/16/2018 7:32:26",2018-08-16,"A1","R1",1716,"yes",15
"8/20/2018 8:32:22",2018-08-20,"A1","R1",2224,"no",75
"8/21/2018 7:35:09",2018-08-21,"A1","R1",2200,"yes",15
"8/24/2018 11:45:04",2018-08-24,"A1","R1",993,"yes",145
"8/29/2018 8:35:52",2018-08-15,"A2","R2",2230,"yes",30
"8/29/2018 8:36:14",2018-08-28,"A2","R2",2242,"yes",15
"8/30/2018 16:28:39",2018-08-30,"A2","R2",2244,"yes",5
"9/4/2018 12:02:13",2018-09-04,"A2","R2",2297,"yes",5
"9/4/2018 12:10:01",2018-09-04,"A2","R2",2298,"yes",10
"9/4/2018 12:20:21",2018-09-04,"A2","R2",2296,"yes",5
"9/4/2018 12:38:33",2018-09-04,"A2","R2",2299,"yes",15
"9/10/2018 15:47:24",2018-09-10,"A2","R2",2302,"yes",35
"9/10/2018 15:57:57",2018-09-10,"A2","R2",2304,"yes",15
"9/10/2018 16:32:55",2018-09-10,"A2","R2",2305,"yes",30
"9/13/2018 7:10:04",2018-09-13,"A1","R1",2272,"yes",8
"9/13/2018 7:24:12",2018-09-13,"A1","R1",273,"yes",10
"9/13/2018 7:32:29",2018-09-13,"A1","R1",2311,"yes",6
"9/13/2018 7:59:10",2018-09-13,"A1","R1",2274,"yes",23
"9/17/2018 17:15:24",2018-09-17,"A2","R2",2071,"yes",30
"9/17/2018 17:32:11",2018-09-17,"A2","R2",2072,"yes",15
"9/17/2018 17:39:21",2018-09-17,"A2","R2",2210,"yes",10
"9/19/2018 11:13:26",2018-09-19,"A1","R1",2295,"yes",12
"9/20/2018 8:14:34",2018-09-20,"A1","R1",2232,"yes",34
"9/24/2018 17:23:21",2018-09-24,"A2","R2",2098,"yes",90
"9/25/2018 7:22:41",2018-09-25,"A1","R1",2098,"yes",28
"9/27/2018 9:37:52",2018-09-24,"A2","R2",2098,"yes",15
"9/27/2018 9:38:17",2018-09-24,"A2","R2",2098,"yes",15
"9/27/2018 9:38:41",2018-09-24,"A2","R2",2098,"yes",15
"10/1/2018 11:00:47",2018-10-01,"A2","R2",2292,"yes",5
"10/9/2018 10:47:13",2018-10-09,"A2","R2",2361,"yes",15
"10/9/2018 10:47:35",2018-10-09,"A2","R2",2360,"yes",15
"10/9/2018 10:48:16",2018-10-09,"A2","R2",2362,"yes",15
"10/9/2018 10:49:57",2018-10-09,"A2","R2",2359,"yes",10
"10/16/2018 9:34:09",2018-10-16,"A1","R1",2378,"yes",4
"10/18/2018 7:26:55",2018-10-18,"A1","R1",2368,"yes",38
"10/18/2018 8:11:12",2018-10-18,"A1","R1",1867,"yes",60
"10/19/2018 9:58:54",2018-10-19,"A1","R1",2293,"no",5
"10/22/2018 7:35:54",2018-10-22,"A1","R1",2395,"yes",3
"10/22/2018 8:34:19",2018-10-22,"A1","R1",2355,"yes",43
"10/22/2018 8:50:41",2018-10-22,"A1","R1",1432,"yes",13
"10/22/2018 9:59:20",2018-10-22,"A1","R1",2109,"no",20
"10/22/2018 11:01:40",2018-10-22,"A2","R2",2388,"yes",5
"10/22/2018 11:02:09",2018-10-22,"A2","R2",2385,"yes",5
"10/24/2018 8:11:35",2018-10-24,"A1","R1",2384,"yes",26
"10/24/2018 10:55:08",2018-10-24,"A2","R2",2363,"yes",20
"10/24/2018 11:00:10",2018-10-22,"A2","R2",2388,"yes",15
"10/24/2018 11:00:35",2018-10-22,"A2","R2",2385,"yes",15
"10/25/2018 14:20:54",2018-10-25,"A2","R2",2366,"yes",15
"10/25/2018 15:28:06",2018-10-23,"A2","R2",2396,"yes",10
"10/25/2018 15:28:28",2018-10-23,"A2","R2",2389,"yes",10
"10/25/2018 15:28:44",2018-10-23,"A2","R2",2387,"yes",10
"10/25/2018 15:29:02",2018-10-23,"A2","R2",2386,"yes",10
"10/25/2018 15:29:25",2018-10-23,"A2","R2",2383,"yes",10
"10/27/2018 7:20:50",2018-10-27,"A1","R1",2372,"yes",8
"10/31/2018 17:16:45",2018-10-31,"A2","R2",2405,"yes",5
"11/1/2018 15:59:52",2018-11-01,"A2","R2",2408,"yes",30
"11/2/2018 11:51:41",2018-11-02,"A2","R2",2367,"yes",10
"11/16/2018 7:42:20",2018-11-16,"A1","R1",2428,"yes",21
"11/19/2018 19:17:38",2018-11-19,"A2","R2",2472,"yes",15
"11/26/2018 14:42:36",2018-11-26,"A2","R2",2473,"yes",15
"12/18/2018 11:55:50",2018-12-18,"A2","R2",2492,"yes",30
"12/18/2018 17:06:13",2018-12-18,"A2","R2",2493,"yes",30
"12/19/2018 16:17:54",2018-12-19,"A2","R2",2065,"yes",30
"12/19/2018 16:55:04",2018-12-19,"A2","R2",2483,"yes",15
"12/21/2018 17:08:21",2018-12-21,"A2","R2",2193,"yes",15
"1/3/2019 15:02:07",2019-01-03,"A2","R2",2518,"yes",15
"1/14/2019 15:10:32",2019-01-14,"A2","R2",2503,"yes",10
"1/14/2019 15:27:06",2019-01-14,"A2","R2",2490,"yes",10
"1/14/2019 15:51:29",2019-01-14,"A2","R2",1693,"yes",15
"1/14/2019 16:01:02",2019-01-14,"A2","R2",2504,"yes",10
"1/14/2019 17:11:26",2019-01-14,"A2","R2",2505,"yes",30
"1/15/2019 14:54:22",2019-01-15,"A2","R2",2529,"yes",5
"1/15/2019 15:08:30",2019-01-15,"A2","R2",2506,"yes",15
"1/15/2019 15:16:25",2019-01-15,"A2","R2",2510,"yes",10
"1/15/2019 15:27:16",2019-01-15,"A2","R2",2509,"yes",5
"1/15/2019 15:29:36",2019-01-15,"A2","R2",2508,"yes",5
"1/15/2019 16:37:13",2019-01-15,"A2","R2",2522,"yes",25
"1/28/2019 11:04:28",2019-01-24,"A2","R2",2537,"yes",30
"1/28/2019 20:57:32",2019-01-28,"A2","R2",2562,"yes",30
"1/28/2019 21:03:09",2019-01-28,"A2","R2",2563,"yes",15
"1/29/2019 9:48:40",2019-01-29,"A2","R2",2562,"yes",5
"1/29/2019 10:16:10",2019-01-28,"A2","R2",2560,"no",60
"1/29/2019 16:20:42",2019-01-29,"A2","R2",2349,"yes",5
"1/29/2019 16:28:13",2019-01-29,"A2","R2",2567,"yes",5
"2/4/2019 9:55:24",2019-02-04,"A1","R1",2239,"yes",10
"2/4/2019 10:03:24",2019-02-04,"A2","R2",2564,"yes",195
"2/5/2019 11:12:38",2019-02-05,"A2","R2",2576,"yes",15
"2/7/2019 16:11:48",2019-02-07,"A2","R2",2561,"yes",105
"2/7/2019 16:40:33",2019-02-07,"A2","R2",2572,"yes",15
"2/7/2019 16:40:54",2019-02-07,"A2","R2",2572,"yes",15
"2/13/2019 12:06:58",2019-02-13,"A2","R2",2597,"yes",5
"2/13/2019 12:12:11",2019-02-13,"A2","R2",2572,"yes",15
"2/13/2019 12:12:51",2019-02-12,"A2","R2",2572,"yes",5
"2/13/2019 12:14:06",2019-02-13,"A2","R2",2583,"yes",5
"2/13/2019 12:16:02",2019-02-13,"A2","R2",2583,"yes",5
"2/13/2019 12:17:18",2019-02-13,"A2","R2",2583,"yes",5
"2/22/2019 10:36:11",2019-02-22,"A2","R2",2582,"yes",5
"3/4/2019 18:31:07",2019-03-04,"A2","R2",2584,"yes",30
"3/4/2019 18:49:55",2019-03-04,"A2","R2",2645,"yes",10
"3/4/2019 18:50:25",2019-03-04,"A2","R2",2646,"yes",10
"3/4/2019 18:50:50",2019-03-04,"A2","R2",2647,"yes",10
"3/11/2019 9:15:51",2019-03-11,"A1","R1",2643,"yes",15
"3/19/2019 9:31:09",2019-03-18,"A2","R2",2690,"yes",15
"3/19/2019 9:31:30",2019-03-18,"A2","R2",2695,"yes",20
"3/19/2019 9:31:47",2019-03-19,"A2","R2",2649,"yes",30
"3/20/2019 17:01:41",2019-03-20,"A2","R2",2661,"yes",15
"3/20/2019 17:01:58",2019-03-20,"A2","R2",2700,"yes",15
"3/20/2019 17:02:13",2019-03-20,"A2","R2",2726,"yes",15
"3/20/2019 17:02:29",2019-03-20,"A2","R2",2727,"yes",15
"3/25/2019 16:04:25",2019-03-25,"A2","R2",2728,"yes",60
"3/25/2019 16:05:07",2019-03-25,"A2","R2",2730,"yes",25
"3/25/2019 16:05:30",2019-03-25,"A2","R2",2731,"yes",20
"3/26/2019 10:50:23",2019-03-26,"A1","R1",2735,"yes",69
"3/26/2019 15:16:33",2019-03-26,"A2","R2",2733,"yes",45
"3/28/2019 9:16:22",2019-03-28,"A2","R2",2760,"yes",30
"3/28/2019 15:45:16",2019-03-28,"A2","R2",2741,"yes",10
"4/5/2019 7:12:15",2019-04-05,"A1","R1",2751,"yes",15
"4/8/2019 14:00:31",2019-04-08,"A2","R2",2755,"yes",60
"4/9/2019 12:51:16",2019-04-09,"A2","R2",2799,"yes",15
"4/10/2019 10:15:02",2019-04-10,"A1","R1",2793,"yes",45
"4/22/2019 16:20:33",2019-04-22,"A2","R2",2804,"yes",30
"4/22/2019 16:20:57",2019-04-22,"A2","R2",2802,"yes",15
"4/22/2019 16:21:20",2019-04-22,"A2","R2",2807,"yes",15
"4/22/2019 16:21:48",2019-04-22,"A2","R2",2808,"yes",15
"4/22/2019 16:22:14",2019-04-22,"A2","R2",2808,"yes",45
"4/22/2019 16:41:20",2019-04-22,"A2","R2",2809,"yes",10
"4/22/2019 16:58:09",2019-04-22,"A2","R2",2809,"yes",10
"4/22/2019 16:58:29",2019-04-22,"A2","R2",2809,"yes",10
"4/22/2019 16:58:56",2019-04-22,"A2","R2",2809,"yes",10
"4/26/2019 10:44:47",2019-04-26,"A2","R2",2809,"yes",15
"4/26/2019 10:45:06",2019-04-26,"A2","R2",2809,"yes",15
"5/1/2019 11:29:28",2019-04-30,"A2","R2",2821,"yes",15
"5/2/2019 11:30:34",2019-05-02,"A1","R1",2840,"yes",20
"5/2/2019 17:06:27",2019-05-02,"A2","R2",2843,"yes",10
"5/2/2019 17:06:45",2019-05-02,"A2","R2",2844,"yes",10
"5/2/2019 17:07:03",2019-05-02,"A2","R2",2845,"yes",10
"5/2/2019 17:07:18",2019-05-02,"A2","R2",2846,"yes",10
"5/2/2019 17:07:34",2019-05-02,"A2","R2",2847,"yes",20
"5/3/2019 12:53:25",2019-05-03,"A1","R1",2826,"yes",13
"5/3/2019 13:48:55",2019-05-03,"A1","R1",2744,"no",50
"5/3/2019 18:35:49",2019-05-03,"A2","R2",2839,"yes",15
"5/6/2019 9:01:10",2019-05-06,"A1","R1",2841,"yes",13
"5/6/2019 9:21:24",2019-05-06,"A1","R1",2831,"yes",13
"5/6/2019 11:01:46",2019-05-06,"A1","R1",2744,"yes",18
"5/7/2019 10:47:09",2019-05-07,"A1","R1",2832,"yes",1
"5/7/2019 11:37:12",2019-05-07,"A1","R1",2832,"yes",60
"5/7/2019 16:34:38",2019-05-07,"A2","R2",2850,"yes",10
"5/7/2019 16:34:52",2019-05-07,"A2","R2",2851,"yes",10
"5/7/2019 16:35:09",2019-05-07,"A2","R2",2864,"yes",10
"5/8/2019 14:38:16",2019-05-08,"A2","R2",2868,"yes",60
"5/8/2019 14:38:48",2019-05-08,"A2","R2",2865,"yes",15
"5/9/2019 12:10:36",2019-05-09,"A2","R2",1784,"yes",10
"5/15/2019 7:59:42",2019-05-15,"A1","R1",2754,"yes",7
"5/15/2019 8:10:13",2019-05-15,"A1","R1",2754,"yes",10
"5/15/2019 8:36:22",2019-05-15,"A1","R1",2754,"no",22
"5/16/2019 11:27:23",2019-05-16,"A1","R1",2754,"yes",30
"5/17/2019 18:03:58",2019-05-17,"A2","R2",2878,"yes",30
"5/17/2019 18:04:19",2019-05-17,"A2","R2",2880,"yes",45
"5/17/2019 18:04:52",2019-05-17,"A2","R2",2756,"yes",75
"5/17/2019 18:05:15",2019-05-17,"A2","R2",2884,"yes",30
"5/21/2019 18:59:27",2019-05-21,"A2","R2",2884,"yes",15
"5/21/2019 19:01:16",2019-05-21,"A2","R2",2879,"yes",30
"5/21/2019 19:14:19",2019-05-21,"A2","R2",2881,"yes",15
"5/22/2019 13:02:49",2019-05-21,"A2","R2",2882,"yes",30
"5/23/2019 8:33:11",2019-05-23,"A1","R1",2837,"yes",60
"5/23/2019 9:16:02",2019-05-23,"A1","R1",1021,"yes",15
"5/24/2019 9:38:28",2019-05-24,"A1","R1",2885,"yes",5
"5/24/2019 9:43:30",2019-05-24,"A1","R1",2886,"yes",5
"5/30/2019 12:41:44",2019-05-30,"A1","R1",2906,"yes",30
"5/31/2019 7:42:01",2019-05-31,"A1","R1",2910,"yes",5
"6/2/2019 16:39:26",2019-05-29,"A2","R2",2899,"yes",15
"6/2/2019 16:40:30",2019-05-23,"A2","R2",2898,"yes",15
"6/2/2019 16:41:09",2019-05-28,"A2","R2",2883,"yes",45
"6/2/2019 16:41:41",2019-05-28,"A2","R2",2899,"yes",45
"6/2/2019 16:42:39",2019-05-28,"A2","R2",1917,"yes",60
"6/2/2019 16:45:15",2019-05-31,"A2","R2",2532,"yes",45
"6/2/2019 16:45:54",2019-05-31,"A2","R2",2899,"yes",15
"6/5/2019 9:22:29",2019-06-05,"A1","R1",2887,"yes",180
"6/5/2019 10:13:26",2019-06-05,"A1","R1",2891,"yes",20
"6/6/2019 16:27:25",2019-06-06,"A2","R2",2866,"yes",30
"6/11/2019 14:36:23",2019-06-11,"A2","R2",1496,"yes",90
"6/11/2019 14:49:18",2019-06-11,"A2","R2",1496,"yes",30
"6/11/2019 14:53:11",2019-06-11,"A2","R2",2794,"yes",5
"6/12/2019 8:15:26",2019-06-12,"A1","R1",2929,"yes",20
"6/14/2019 11:57:23",2019-06-14,"A1","R1",1214,"yes",120
"6/14/2019 16:17:20",2019-06-14,"A1","R3",2938,"yes",20
"6/19/2019 8:40:27",2019-06-19,"A1","R1",2983,"no",28
"6/19/2019 11:45:01",2019-06-19,"A2","R3",2979,"yes",40
"6/19/2019 12:22:01",2019-06-19,"A2","R3",2973,"yes",20
"6/20/2019 10:00:41",2019-06-17,"A2","R2",840,"yes",75
"6/20/2019 10:01:07",2019-06-17,"A2","R2",2967,"yes",75
"6/21/2019 10:37:42",2019-06-21,"A3","R1",2917,"yes",120
"6/24/2019 8:27:27",2019-06-24,"A1","R1",2993,"yes",21
"6/24/2019 8:39:36",2019-06-24,"A1","R1",2938,"yes",8
"6/24/2019 8:49:18",2019-06-24,"A1","R1",2937,"yes",10
"6/24/2019 16:54:24",2019-06-24,"A2","R2",2968,"yes",15
"6/25/2019 15:21:41",2019-06-25,"A3","R2",2956,"yes",5
"6/25/2019 16:51:28",2019-06-25,"A3","R2",2956,"yes",60
"7/3/2019 11:00:19",2019-07-03,"A1","R3",2893,"yes",20
"7/9/2019 15:15:48",2019-07-09,"A3","R2",2956,"yes",60
"7/12/2019 15:15:43",2019-07-12,"A1","R3",3040,"yes",15
"7/17/2019 9:59:01",2019-07-17,"A1","R3",2940,"yes",10
"7/17/2019 10:03:26",2019-07-17,"A3","R2",3049,"yes",1.5
"7/17/2019 10:04:13",2019-07-17,"A3","R2",2953,"yes",90
"7/17/2019 10:04:35",2019-07-17,"A1","R3",3030,"yes",10
"7/17/2019 12:24:54",2019-07-17,"A1","R3",3046,"yes",15
"7/17/2019 12:29:21",2019-07-17,"A1","R3",2994,"yes",15
"7/17/2019 12:38:13",2019-07-17,"A1","R3",3024,"yes",15
"7/23/2019 13:01:19",2019-07-22,"A3","R2",2954,"no",60
"7/23/2019 13:02:12",2019-07-23,"A3","R2",2954,"no",15
"7/23/2019 13:02:29",2019-07-23,"A3","R2",2954,"yes",15
"7/23/2019 16:13:44",2019-07-23,"A1","R3",3048,"yes",120
"7/24/2019 15:48:41",2019-07-24,"A3","R2",2955,"yes",60
"7/26/2019 13:13:57",2019-07-26,"A1","R3",3105,"yes",15
"7/30/2019 15:08:16",2019-07-30,"A3","R2",2972,"yes",15
"7/30/2019 15:34:53",2019-07-30,"A3","R2",3058,"yes",15
"8/8/2019 14:55:25",2019-08-08,"A3","R2",3117,"yes",10
"8/8/2019 14:57:08",2019-08-08,"A1","R2",1,"yes",1
"8/8/2019 15:05:53",2019-08-08,"A1","R3",3145,"yes",5
"8/8/2019 16:08:40",2019-08-08,"A1","R2",1,"yes",1
"8/16/2019 14:46:39",2019-08-16,"A1","R3",2187,"yes",15
"8/23/2019 10:36:58",2019-08-23,"A1","R3",3112,"yes",10
"8/29/2019 10:10:11",2019-08-29,"A1","R3",3175,"yes",10
"9/4/2019 17:27:56",2019-09-04,"A3","R3",3187,"yes",15
"9/5/2019 16:22:15",2019-09-05,"A1","R3",3104,"yes",5
"9/5/2019 16:38:34",2019-09-05,"A1","R3",1413,"yes",10
"9/6/2019 11:07:50",2019-09-05,"A3","R2",1948,"yes",90
"9/6/2019 11:39:39",2019-09-05,"A3","R2",3156,"yes",30
"4/28/2020 15:46:42",2020-04-28,"A1","R4",3425,"yes",75
"4/28/2020 15:49:35",2020-04-28,"A1","R4",3426,"yes",30
"4/28/2020 16:45:16",2020-04-28,"A1","R4",3427,"yes",15
"4/30/2020 14:58:33",2020-04-30,"A1","R4",3417,"yes",15
"4/30/2020 17:14:41",2020-04-30,"A1","R4",3383,"yes",10
"5/4/2020 15:53:05",2020-05-04,"A1","R4",3430,"yes",20
"5/5/2020 11:55:24",2020-05-05,"A1","R4",3428,"yes",25
"5/5/2020 14:01:09",2020-05-05,"A4","R2",3415,"yes",60
"5/5/2020 15:48:28",2020-05-05,"A1","R4",3398,"yes",20
"5/11/2020 10:48:42",2020-05-11,"A1","R4",3443,"yes",15
"5/11/2020 16:47:27",2020-05-11,"A1","R4",3444,"yes",15
"5/12/2020 16:19:27",2020-05-12,"A4","R2",3438,"no",180
"5/19/2020 17:33:47",2020-05-19,"A1","R4",3459,"yes",20
"5/20/2020 9:34:44",2020-05-20,"A1","R4",3456,"yes",30
"5/22/2020 10:00:11",2020-05-21,"A4","R2",1687,"yes",30
"5/22/2020 10:48:07",2020-05-22,"A4","R2",1668,"yes",30
"5/22/2020 13:32:18",2020-05-22,"A4","R2",3445,"yes",60
"5/22/2020 16:02:00",2020-05-22,"A4","R2",1603,"yes",60
"5/25/2020 14:43:16",2020-05-25,"A4","R2",3449,"yes",15
"5/25/2020 16:24:46",2020-05-25,"A1","R4",3414,"yes",150
"5/26/2020 16:31:34",2020-05-25,"A4","R2",1603,"yes",90
"5/26/2020 16:32:30",2020-05-26,"A4","R2",3438,"yes",60
"5/26/2020 16:32:48",2020-05-26,"A4","R2",3439,"yes",60
"5/26/2020 16:33:07",2020-05-26,"A4","R2",3442,"yes",180
"5/28/2020 13:24:41",2020-05-28,"A1","R4",3467,"yes",20
"6/2/2020 16:17:22",2020-06-01,"A4","R2",3452,"yes",60
"6/2/2020 16:31:55",2020-06-02,"A1","R4",3452,"yes",15
"6/3/2020 8:57:25",2020-05-20,"A4","R2",3396,"yes",105
"6/3/2020 8:58:48",2020-06-19,"A4","R2",3457,"yes",120
"6/3/2020 15:30:19",2020-06-03,"A1","R4",3498,"yes",5
"6/10/2020 11:58:30",2020-06-10,"A4","R2",3245,"yes",30
"6/15/2020 15:22:51",2020-06-04,"A1","R4",3388,"yes",75
"6/15/2020 15:40:44",2020-06-05,"A1","R4",3388,"yes",60
"6/15/2020 15:43:51",2020-06-15,"A1","R4",3388,"yes",180
"6/18/2020 11:09:50",2020-06-18,"A4","R2",3464,"no",60
"6/24/2020 14:19:03",2020-06-24,"A4","R2",3464,"yes",75
"7/2/2020 8:30:26",2020-06-30,"A4","R2",3501,"yes",60
"7/7/2020 10:34:02",2020-07-07,"A1","R4",3515,"yes",75
"7/7/2020 15:50:52",2020-07-07,"A1","R4",3501,"yes",105
"7/10/2020 13:25:45",2020-07-10,"A1","R4",3494,"yes",45
"7/10/2020 16:09:08",2020-07-10,"A4","R2",2454,"yes",90
"7/13/2020 14:40:18",2020-07-13,"A4","R2",3516,"yes",5
"7/13/2020 15:58:51",2020-07-13,"A4","R2",3495,"yes",5
"7/20/2020 16:18:58",2020-07-20,"A4","R2",3511,"yes",120
"7/20/2020 17:00:06",2020-07-20,"A1","R4",3326,"yes",120
"7/20/2020 19:26:11",2020-07-20,"A4","R2",3482,"yes",30
"7/20/2020 20:13:54",2020-07-20,"A4","R2",3479,"yes",30
"7/20/2020 20:16:45",2020-07-20,"A4","R2",3485,"yes",30
"7/22/2020 15:15:45",2020-07-22,"A1","R4",3502,"yes",45
"7/24/2020 9:35:41",2020-07-24,"A1","R4",3520,"yes",5
"7/24/2020 10:18:48",2020-07-24,"A1","R4",3483,"yes",25
"7/24/2020 15:28:59",2020-07-24,"A4","R2",3484,"yes",90
"7/24/2020 15:34:54",2020-07-24,"A4","R2",3476,"yes",15
"7/28/2020 16:36:41",2020-07-28,"A1","R4",3521,"yes",10
"7/29/2020 15:29:08",2020-07-29,"A1","R4",3523,"yes",30
"7/30/2020 13:40:39",2020-07-30,"A4","R2",3523,"yes",180
"7/30/2020 13:53:44",2020-07-30,"A4","R2",3524,"yes",10
"7/31/2020 8:52:02",2020-07-31,"A4","R2",3478,"no",30
"7/31/2020 14:11:09",2020-07-31,"A4","R2",3478,"yes",180
"7/31/2020 15:44:13",2020-07-31,"A1","R4",3536,"yes",10
"7/31/2020 16:05:33",2020-07-31,"A1","R4",3486,"yes",25
"8/5/2020 8:17:54",2020-08-04,"A4","R2",3537,"no",30
"8/5/2020 8:18:25",2020-08-04,"A4","R2",3537,"yes",45
"8/10/2020 10:21:53",2020-08-10,"A4","R2",3539,"yes",30
"8/10/2020 11:12:04",2020-08-10,"A1","R4",3543,"yes",40
"8/11/2020 16:27:19",2020-08-11,"A4","R2",3538,"yes",180
"8/13/2020 10:12:53",2020-08-13,"A1","R4",3550,"yes",20
"8/13/2020 14:50:40",2020-08-13,"A4","R2",3474,"yes",180
"8/13/2020 15:00:52",2020-08-13,"A1","R4",3473,"yes",45
"8/17/2020 9:56:08",2020-08-17,"A1","R4",3190,"yes",20
"8/18/2020 11:34:32",2020-08-18,"A1","R4",3551,"yes",60
"8/18/2020 11:57:33",2020-08-18,"A1","R4",3371,"yes",30
"8/18/2020 16:58:49",2020-08-18,"A4","R2",3504,"yes",120
"8/21/2020 15:51:49",2020-08-21,"A1","R4",3503,"yes",60
"8/24/2020 17:02:42",2020-08-24,"A4","R2",3480,"yes",60
"8/25/2020 10:32:14",2020-08-25,"A4","R2",3481,"yes",30
"8/25/2020 15:50:40",2020-08-25,"A1","R4",3555,"yes",60
"9/2/2020 13:08:54",2020-09-02,"A1","R4",3574,"yes",36
"9/2/2020 13:19:43",2020-09-02,"A1","R4",3575,"yes",20
"9/2/2020 13:51:15",2020-09-02,"A1","R4",3545,"yes",20
"9/2/2020 14:32:42",2020-09-02,"A1","R4",3573,"yes",20
"9/2/2020 14:49:13",2020-09-02,"A1","R4",3394,"yes",35
"9/2/2020 14:56:46",2020-09-02,"A1","R4",3576,"yes",15
"9/4/2020 14:25:11",2020-09-04,"A1","R4",3578,"yes",15
"9/15/2020 11:29:37",2020-09-15,"A1","R4",3546,"yes",30
"9/15/2020 13:37:48",2020-09-15,"A4","R2",3475,"yes",120
"9/15/2020 14:52:00",2020-09-15,"A1","R4",3544,"yes",20
"9/22/2020 14:28:07",2020-09-22,"A4","R2",3496,"yes",120
"9/22/2020 14:46:16",2020-09-22,"A4","R2",3548,"yes",15
"9/29/2020 16:10:10",2020-09-29,"A1","R4",3488,"yes",120
"10/21/2020 9:54:06",2020-10-07,"A1","R4",3582,"yes",120
"10/21/2020 9:57:48",2020-10-09,"A1","R4",3598,"yes",60
"11/5/2020 10:30:05",2020-11-05,"A1","R4",3618,"yes",20
"11/5/2020 11:05:56",2020-11-05,"A1","R4",3625,"yes",30
"11/20/2020 9:09:14",2020-11-19,"A1","R4",3657,"yes",60
"11/23/2020 17:18:23",2020-11-23,"A1","R4",3636,"yes",75
"11/30/2020 9:49:20",2020-11-30,"A1","R4",3675,"yes",10
"12/1/2020 16:34:22",2020-12-01,"A4","R2",3659,"yes",15
"12/1/2020 17:06:44",2020-12-01,"A4","R2",3561,"no",30
"12/15/2020 10:38:59",2020-12-15,"A4","R2",3678,"yes",30
"12/17/2020 16:41:50",2020-12-17,"A4","R2",3635,"yes",30
"12/18/2020 15:05:52",2020-12-18,"A1","R4",3691,"yes",35
"12/22/2020 9:49:35",2020-12-22,"A4","R2",3561,"yes",120
"12/22/2020 16:52:54",2020-12-21,"A1","R4",3696,"yes",90
"1/27/2021 15:57:26",2021-01-27,"A4","R2",3560,"no",30
"2/8/2021 14:01:28",2021-02-05,"A4","R4",3489,"yes",120
"2/9/2021 17:11:52",2021-02-09,"A5","R2",3779,"yes",180
"2/26/2021 9:53:30",2021-02-26,"A5","R2",3800,"yes",30
"2/28/2021 12:10:26",2021-02-28,"A5","R2",3775,"yes",15
"3/3/2021 16:45:54",2021-03-03,"A4","R2",3771,"yes",30
"3/3/2021 16:47:31",2021-03-03,"A4","R2",3777,"yes",30
"3/3/2021 16:48:18",2021-03-03,"A4","R2",3774,"yes",30
"3/3/2021 18:00:25",2021-03-03,"A5","R2",3792,"yes",60
"3/3/2021 18:01:27",2021-03-03,"A5","R2",3772,"yes",60
"3/5/2021 9:53:02",2021-03-05,"A5","R2",3807,"yes",15
"3/5/2021 13:02:09",2021-03-05,"A4","R2",3781,"no",15
"3/5/2021 13:05:12",2021-03-05,"A4","R4",3782,"yes",60
"3/11/2021 15:23:38",2021-03-11,"A1","R5",3811,"yes",15
"3/12/2021 16:47:58",2021-03-12,"A5","R2",3720,"no",30
"3/12/2021 17:18:46",2021-03-12,"A5","R2",3813,"yes",30
"3/15/2021 8:18:02",2021-03-15,"A4","R2",3814,"yes",5
"3/15/2021 9:53:01",2021-03-15,"A5","R5",3686,"yes",90
"3/18/2021 12:23:22",2021-03-18,"A5","R2",3822,"yes",15
"3/18/2021 13:42:06",2021-03-18,"A4","R2",3817,"yes",5
"3/18/2021 13:50:33",2021-03-18,"A5","R2",3818,"yes",15
"3/18/2021 14:24:28",2021-03-18,"A5","R2",3804,"yes",20
"3/19/2021 16:20:53",2021-03-19,"A4","R4",3773,"yes",120
"3/22/2021 14:42:40",2021-03-22,"A4","R2",3781,"yes",60
"3/22/2021 16:38:07",2021-03-22,"A5","R4",3720,"yes",30
"3/23/2021 16:52:03",2021-03-23,"A1","R5",3826,"yes",10
"3/25/2021 15:42:13",2021-03-25,"A1","R5",3835,"yes",20
"3/25/2021 16:45:17",2021-03-25,"A5","R2",3669,"yes",60
"3/29/2021 13:22:20",2021-03-29,"A4","R5",3549,"yes",120
"3/29/2021 14:31:24",2021-03-29,"A1","R5",3556,"yes",60
"3/30/2021 10:18:51",2021-03-30,"A1","R5",3798,"yes",90
"3/31/2021 11:32:06",2021-03-31,"A1","R5",3850,"yes",20
"4/1/2021 10:01:12",2021-04-01,"A5","R4",3841,"yes",120
"4/1/2021 11:29:02",2021-04-01,"A1","R5",3838,"yes",45
"4/6/2021 10:11:06",2021-04-06,"A1","R4",3824,"yes",30
"4/6/2021 16:00:31",2021-04-06,"A1","R4",3796,"yes",120
"4/6/2021 16:20:05",2021-04-06,"A4","R5",3842,"yes",90
"4/6/2021 16:38:43",2021-04-06,"A1","R4",3802,"yes",45
"4/7/2021 10:06:42",2021-04-07,"A5","R2",3848,"yes",10
"4/7/2021 16:19:26",2021-04-07,"A5","R2",3834,"yes",15
"4/9/2021 11:29:50",2021-04-09,"A5","R2",3716,"yes",30
"4/9/2021 11:31:54",2021-04-09,"A5","R2",3863,"yes",30
"4/9/2021 12:47:27",2021-04-09,"A1","R5",3864,"yes",20
"4/9/2021 14:29:45",2021-04-09,"A4","R5",3853,"no",30
"4/9/2021 14:48:55",2021-04-09,"A4","R5",3865,"yes",20
"4/9/2021 14:57:26",2021-04-09,"A4","R5",3858,"yes",25
"4/9/2021 15:29:47",2021-04-09,"A4","R5",3853,"yes",30
"4/16/2021 11:05:51",2021-04-16,"A4","R2",3855,"yes",30
"4/16/2021 11:51:59",2021-04-16,"A5","R2",3852,"yes",45
"4/16/2021 13:35:52",2021-04-16,"A4","R2",3856,"no",15
"4/16/2021 13:37:41",2021-04-16,"A4","R2",3856,"yes",15
"4/19/2021 15:28:55",2021-04-19,"A5","R2",3647,"no",15
"4/20/2021 11:32:14",2021-04-20,"A5","R2",3718,"yes",60
"4/21/2021 11:55:01",2021-04-21,"A1","R5",3070,"yes",30
"4/22/2021 16:51:51",2021-04-22,"A4","R2",3767,"yes",30
"4/22/2021 16:52:38",2021-04-22,"A4","R2",3493,"yes",60
"4/30/2021 10:44:04",2021-04-30,"A5","R2",3832,"no",10
"5/1/2021 11:51:13",2021-04-30,"A5","R2",3832,"yes",15
"5/5/2021 8:51:39",2021-04-30,"A5","R2",3801,"yes",60
"5/5/2021 8:53:27",2021-04-30,"A4","R2",3754,"yes",120
"5/5/2021 8:56:08",2021-04-22,"A1","R5",3870,"yes",30
"5/7/2021 16:11:41",2021-05-07,"A5","R2",3871,"yes",15
"5/10/2021 15:34:13",2021-05-10,"A1","R5",3906,"yes",20
"5/12/2021 10:04:14",2021-05-11,"A5","R5",3905,"yes",60
"5/12/2021 13:07:07",2021-05-12,"A1","R5",3907,"yes",30
"5/19/2021 13:29:16",2021-05-19,"A5","R2",3913,"yes",5
"5/26/2021 10:26:39",2021-05-26,"A5","R2",3899,"yes",30
"5/26/2021 13:13:16",2021-05-26,"A1","R5",3923,"yes",20
"5/28/2021 14:41:55",2021-05-28,"A1","R4",3705,"yes",60
"6/1/2021 15:17:23",2021-06-01,"A4","R2",3560,"yes",60
"6/1/2021 16:10:08",2021-06-01,"A4","R2",3491,"yes",45
"6/2/2021 9:35:59",2021-06-02,"A4","R2",3492,"yes",30
"6/2/2021 10:39:50",2021-06-02,"A1","R5",3926,"yes",30
"6/2/2021 11:19:08",2021-06-02,"A1","R5",3910,"yes",30
"6/3/2021 9:30:17",2021-06-03,"A4","R2",3927,"yes",5
"6/9/2021 15:59:01",2021-06-09,"A4","R5",3931,"yes",15
"6/16/2021 15:34:31",2021-06-16,"A5","R2",3932,"yes",90
"6/16/2021 15:46:26",2021-06-16,"A5","R2",3944,"yes",30
"6/16/2021 16:12:26",2021-06-16,"A5","R2",3916,"yes",15
"6/22/2021 16:04:02",2021-06-22,"A5","R4",3951,"yes",20
"6/22/2021 16:19:31",2021-06-22,"A5","R4",3952,"yes",15
"6/24/2021 16:42:22",2021-06-24,"A5","R4",3898,"yes",30
"6/29/2021 22:01:24",2021-06-29,"A5","R4",3949,"yes",15
"7/5/2021 15:50:30",2021-06-30,"A4","R2",3893,"yes",90
"7/12/2021 10:50:51",2021-07-09,"A4","R2",3964,"yes",60
"7/13/2021 9:26:05",2021-07-13,"A4","R2",3490,"yes",180
"7/13/2021 10:53:49",2021-07-13,"A4","R2",3935,"yes",45
"7/13/2021 11:54:57",2021-07-13,"A4","R2",3934,"yes",30
"7/13/2021 12:47:15",2021-07-13,"A4","R2",3854,"yes",120
"7/15/2021 12:25:32",2021-07-15,"A5","R2",3962,"yes",90
"7/16/2021 13:29:11",2021-07-16,"A5","R2",3897,"yes",90
"7/21/2021 10:00:12",2021-07-21,"A5","R5",3919,"yes",180
"7/21/2021 10:11:44",2021-07-21,"A5","R2",3902,"yes",180
"7/21/2021 10:15:56",2021-07-21,"A4","R2",3963,"yes",45
"7/27/2021 16:29:27",2021-07-26,"A1","R4",3982,"yes",20
"7/27/2021 18:01:28",2021-07-27,"A1","R5",3980,"yes",30
"7/30/2021 11:59:56",2021-07-30,"A4","R4",3942,"yes",60
"7/30/2021 12:09:29",2021-07-30,"A4","R2",3941,"yes",15
"7/30/2021 19:56:56",2021-07-30,"A5","R2",3961,"yes",30
"7/30/2021 20:00:50",2021-07-30,"A5","R2",3953,"yes",90
"8/2/2021 14:52:44",2021-08-02,"A1","R5",3914,"yes",30
"8/3/2021 16:34:51",2021-08-03,"A1","R4",4026,"yes",30
"8/3/2021 16:43:49",2021-08-03,"A5","R4",4029,"yes",15
"8/3/2021 17:00:47",2021-08-03,"A5","R4",4030,"yes",20
"8/3/2021 17:09:40",2021-08-03,"A5","R4",3918,"yes",10
"8/3/2021 17:51:15",2021-08-03,"A5","R2",3967,"yes",90
"8/5/2021 15:40:26",2021-08-05,"A1","R5",3978,"yes",30
"8/6/2021 13:51:54",2021-08-06,"A4","R2",3572,"yes",90
"8/10/2021 14:38:25",2021-08-10,"A5","R2",3967,"no",60
"8/10/2021 15:19:44",2021-08-10,"A5","R4",4032,"yes",20
"8/10/2021 15:30:07",2021-08-10,"A5","R4",4031,"yes",10
"8/10/2021 15:30:44",2021-08-10,"A4","R5",3984,"yes",15
"8/10/2021 15:32:22",2021-08-06,"A1","R4",4049,"no",20
"8/10/2021 15:33:06",2021-08-06,"A1","R4",4049,"yes",20
"8/10/2021 15:33:24",2021-08-06,"A1","R4",4050,"yes",15
"8/10/2021 16:09:29",2021-08-10,"A1","R4",3942,"yes",30
"8/12/2021 16:38:11",2021-08-12,"A5","R5",3967,"yes",60
"8/17/2021 16:59:26",2021-08-17,"A1","R4",3995,"yes",60
"8/20/2021 11:31:41",2021-08-18,"A5","R5",3965,"no",120
"8/24/2021 10:54:06",2021-08-20,"A5","R5",3965,"yes",60
"8/24/2021 10:56:19",2021-08-20,"A5","R2",3966,"yes",60
"8/25/2021 17:08:11",2021-08-25,"A5","R4",4046,"no",60
"9/7/2021 10:55:37",2021-09-03,"A5","R5",4046,"yes",30
"9/7/2021 11:00:32",2021-09-03,"A5","R2",4058,"yes",60
"9/14/2021 17:22:53",2021-09-14,"A1","R4",4053,"yes",30
"9/15/2021 10:39:54",2021-09-14,"A4","R5",4185,"yes",20
"9/15/2021 12:13:24",2021-09-15,"A4","R5",4184,"yes",30
"9/16/2021 11:48:13",2021-09-16,"A5","R2",4087,"yes",30
"9/16/2021 12:03:59",2021-09-16,"A5","R2",3990,"yes",15
"9/16/2021 21:04:39",2021-09-16,"A5","R2",4201,"yes",30
"9/17/2021 8:44:25",2021-09-17,"A4","R2",3976,"yes",45
"9/20/2021 10:27:06",2021-09-20,"A4","R2",3987,"yes",30
"9/20/2021 16:33:15",2021-09-20,"A1","R5",4204,"yes",20
"9/20/2021 16:45:45",2021-09-20,"A1","R4",3989,"yes",30
"9/21/2021 14:10:57",2021-09-21,"A1","R4",3989,"yes",45
"9/27/2021 16:58:50",2021-09-27,"A4","R2",4203,"yes",15
"10/5/2021 20:14:03",2021-09-30,"A1","R5",4216,"yes",30
"10/5/2021 20:20:56",2021-10-05,"A4","R2",4242,"yes",30
"10/8/2021 9:49:39",2021-10-08,"A5","R2",4187,"yes",90
"10/8/2021 9:50:10",2021-10-08,"A5","R2",4217,"yes",60
"10/12/2021 10:09:37",2021-10-12,"A5","R2",4188,"yes",45
"10/14/2021 15:52:23",2021-10-14,"A5","R4",4241,"yes",20
"10/14/2021 15:59:59",2021-10-14,"A5","R4",4251,"yes",30
"10/19/2021 10:26:38",2021-10-19,"A1","R5",4210,"yes",120
"10/19/2021 15:20:29",2021-10-19,"A4","R5",4189,"yes",45
"10/19/2021 16:48:44",2021-10-19,"A1","R5",4253,"yes",60
"10/21/2021 17:02:12",2021-10-21,"A5","R2",4250,"yes",60
"10/22/2021 13:59:41",2021-10-22,"A5","R2",4285,"yes",30
"10/22/2021 15:18:06",2021-10-22,"A1","R5",4284,"yes",15
"11/2/2021 19:54:48",2021-11-02,"A1","R4",3992,"yes",30
"11/3/2021 16:20:09",2021-11-03,"A1","R4",4315,"yes",15
"11/8/2021 17:09:10",2021-11-08,"A1","R4",4321,"yes",45
"11/8/2021 19:45:19",2021-11-08,"A4","R2",4322,"yes",15
"11/9/2021 16:44:32",2021-11-09,"A1","R5",4290,"yes",30
"11/10/2021 15:32:33",2021-11-10,"A1","R4",4207,"yes",60
"11/10/2021 15:32:56",2021-11-09,"A1","R4",4317,"yes",45
"11/16/2021 16:22:42",2021-11-16,"A1","R5",4360,"yes",60
"11/17/2021 8:53:14",2021-11-15,"A5","R2",4243,"yes",120
"11/17/2021 8:54:10",2021-11-15,"A5","R2",4244,"yes",15
"11/22/2021 15:15:33",2021-11-22,"A5","R4",4362,"yes",60
"11/30/2021 15:05:46",2021-11-30,"A5","R2",4381,"yes",15
"11/30/2021 17:07:45",2021-11-30,"A1","R5",4367,"yes",45
"12/3/2021 17:04:40",2021-12-03,"A5","R4",4409,"no",15
"12/3/2021 17:10:00",2021-12-03,"A5","R4",4410,"yes",15
"12/3/2021 17:12:39",2021-12-03,"A5","R4",4411,"yes",10
"12/6/2021 9:18:23",2021-12-06,"A1","R4",4207,"yes",60
"12/6/2021 9:23:42",2021-12-06,"A5","R4",4409,"yes",5
"12/6/2021 13:41:32",2021-12-06,"A1","R4",4413,"yes",15
"12/6/2021 13:57:17",2021-12-06,"A1","R4",4408,"yes",30
"12/7/2021 10:22:27",2021-12-07,"A4","R2",4423,"yes",30
"12/7/2021 12:00:55",2021-12-07,"A5","R2",4361,"yes",60
"12/7/2021 14:21:01",2021-12-07,"A1","R4",4412,"no",5
"12/7/2021 14:21:14",2021-12-07,"A1","R4",4412,"yes",15
"12/7/2021 16:17:47",2021-12-07,"A4","R5",4415,"yes",45
"12/9/2021 14:39:09",2021-12-09,"A5","R4",4442,"yes",15
"12/9/2021 14:46:32",2021-12-09,"A1","R4",4418,"yes",15
"12/10/2021 14:53:47",2021-12-10,"A5","R4",4431,"no",5
"12/13/2021 9:31:15",2021-12-13,"A5","R4",4431,"yes",15
"12/13/2021 9:36:20",2021-12-13,"A5","R4",4432,"yes",15
"12/13/2021 13:02:01",2021-12-13,"A5","R2",4370,"yes",15
"12/13/2021 14:33:20",2021-12-13,"A4","R5",4425,"no",30
"12/13/2021 14:49:20",2021-12-13,"A4","R5",4425,"yes",60
"12/14/2021 10:23:32",2021-12-14,"A4","R5",4426,"no",30
"12/14/2021 12:53:23",2021-12-14,"A4","R5",4426,"yes",60
"12/14/2021 13:38:59",2021-12-14,"A5","R4",4433,"yes",15
"12/14/2021 13:39:13",2021-12-14,"A5","R4",4434,"yes",15
"12/14/2021 13:39:26",2021-12-14,"A5","R4",4430,"no",5
"12/14/2021 13:50:17",2021-12-14,"A5","R4",4430,"yes",10
"12/14/2021 16:02:39",2021-12-14,"A4","R5",4427,"no",30
"12/15/2021 11:20:25",2021-12-15,"A4","R5",4427,"yes",15
"12/15/2021 11:49:56",2021-12-15,"A4","R5",4428,"yes",45
"12/20/2021 10:24:26",2021-12-20,"A1","R4",4424,"yes",60
"12/20/2021 10:24:52",2021-12-20,"A1","R4",4424,"no",20
"12/20/2021 10:25:08",2021-12-20,"A1","R4",4424,"yes",30
"12/20/2021 10:25:28",2021-12-20,"A1","R4",4424,"yes",25
"12/20/2021 10:25:44",2021-12-20,"A1","R4",4424,"yes",15
"12/21/2021 15:36:46",2021-12-21,"A5","R4",4435,"yes",45
"12/21/2021 16:30:57",2021-12-21,"A5","R4",4439,"no",15
"12/22/2021 14:32:40",2021-12-22,"A5","R4",4439,"yes",30
"12/22/2021 15:46:59",2021-12-22,"A4","R5",4450,"yes",45
"12/23/2021 16:42:56",2021-12-23,"A5","R4",4441,"yes",15
"12/23/2021 17:03:58",2021-12-23,"A5","R4",4437,"yes",15
"1/4/2022 14:35:38",2022-01-04,"A5","R4",4468,"no",60
"1/5/2022 12:50:27",2022-01-04,"A1","R5",4463,"yes",20
"1/5/2022 13:13:17",2022-01-05,"A5","R4",4468,"no",5
"1/7/2022 15:43:13",2022-01-07,"A5","R4",4468,"yes",30
"1/10/2022 16:21:01",2022-01-10,"A5","R4",4470,"yes",20
"1/10/2022 16:42:35",2022-01-10,"A5","R4",4471,"no",10
"1/11/2022 11:28:48",2022-01-11,"A4","R5",4451,"yes",120
"1/11/2022 13:28:45",2022-01-11,"A5","R4",4471,"yes",30
"1/11/2022 15:53:58",2022-01-11,"A5","R4",4476,"yes",45
"1/17/2022 13:54:59",2022-01-17,"A4","R5",4453,"no",45
"1/17/2022 14:50:11",2022-01-17,"A4","R5",4452,"no",15
"1/17/2022 16:37:48",2022-01-17,"A4","R5",4453,"yes",30
"1/17/2022 17:56:40",2022-01-17,"A4","R5",4452,"yes",20
"1/21/2022 15:18:39",2022-01-21,"A4","R5",4527,"yes",20
"1/21/2022 16:30:44",2022-01-21,"A4","R5",4507,"no",20
"1/24/2022 13:26:46",2022-01-24,"A5","R4",4529,"no",10
"1/24/2022 13:27:02",2022-01-24,"A5","R4",4529,"yes",25
"1/25/2022 9:25:39",2022-01-24,"A5","R4",4531,"no",30
"1/25/2022 9:25:58",2022-01-25,"A5","R4",4542,"yes",20
"1/25/2022 11:46:27",2022-01-25,"A5","R4",4531,"yes",45
"1/25/2022 11:51:27",2022-01-25,"A4","R5",4507,"no",15
"1/25/2022 14:48:36",2022-01-25,"A4","R5",4507,"yes",45
"1/25/2022 14:59:42",2022-01-25,"A4","R5",4511,"yes",15
"1/25/2022 15:24:28",2022-01-25,"A5","R4",4477,"yes",25
"1/28/2022 11:32:41",2022-01-28,"A4","R4",4512,"yes",15
"1/28/2022 13:13:58",2022-01-28,"A5","R4",4530,"yes",60
"2/1/2022 11:22:08",2022-02-01,"A5","R4",4567,"yes",60
"2/1/2022 11:35:26",2022-02-01,"A5","R4",4486,"yes",45
"2/1/2022 14:42:04",2022-02-01,"A5","R4",4538,"yes",60
"2/2/2022 16:36:06",2022-02-02,"A5","R4",4583,"yes",30
"2/3/2022 17:07:26",2022-02-03,"A5","R4",4584,"yes",60
"2/4/2022 9:14:21",2022-02-04,"A5","R4",4539,"no",10
"2/4/2022 10:13:08",2022-02-04,"A5","R4",4587,"yes",30
"2/4/2022 10:32:30",2022-02-04,"A4","R5",4513,"yes",30
"2/4/2022 20:44:01",2022-02-04,"A4","R5",4500,"yes",60
"2/7/2022 11:48:11",2022-02-07,"A5","R4",4539,"yes",60
"2/7/2022 13:40:08",2022-02-07,"A5","R4",4588,"yes",15
"2/7/2022 13:41:51",2022-02-07,"A5","R4",4588,"no",30
"2/8/2022 14:45:31",2022-02-08,"A4","R5",4605,"yes",15
"2/8/2022 15:05:27",2022-02-08,"A5","R4",4501,"yes",60
"2/16/2022 10:19:28",2022-02-16,"A5","R4",4625,"yes",5
"2/19/2022 8:21:11",2022-02-19,"A5","R4",4626,"yes",30
"2/19/2022 8:22:42",2022-02-19,"A5","R4",4591,"yes",45
"2/21/2022 15:49:43",2022-02-21,"A2","R5",4630,"yes",25
"2/22/2022 10:34:04",2022-02-22,"A5","R1",4623,"no",35
"2/22/2022 12:21:05",2022-02-22,"A5","R1",4623,"yes",84
"2/22/2022 15:57:13",2022-02-22,"A5","R4",4624,"yes",45
"2/23/2022 16:58:30",2022-02-23,"A4","R5",4645,"yes",50
"2/24/2022 12:14:12",2022-02-24,"A4","R5",4647,"yes",25
"2/24/2022 12:15:26",2022-02-23,"A1","R5",4632,"yes",65
"3/2/2022 11:02:23",2022-03-02,"A4","R5",4505,"yes",20
"3/2/2022 11:09:56",2022-03-02,"A4","R1",4489,"yes",30
"3/2/2022 11:19:37",2022-03-02,"A4","R5",4489,"yes",30
"3/15/2022 9:42:58",2022-03-15,"A2","R5",4606,"yes",90
"3/21/2022 13:55:01",2022-03-21,"A2","R4",4689,"yes",20
"3/21/2022 14:18:51",2022-03-21,"A5","R4",4670,"yes",30
"3/21/2022 16:14:17",2022-03-21,"A2","R5",4688,"yes",20
"3/22/2022 14:54:56",2022-03-22,"A5","R4",4670,"yes",30
"3/23/2022 7:35:13",2022-03-22,"A5","R1",4670,"no",35
"3/23/2022 7:37:15",2022-03-23,"A5","R1",4670,"yes",10
"3/28/2022 9:47:51",2022-03-28,"A2","R5",4728,"yes",25
"4/1/2022 16:38:19",2022-04-01,"A1","R5",4735,"yes",40
"4/1/2022 16:57:52",2022-04-01,"A5","R4",4736,"yes",30
"4/5/2022 14:01:18",2022-04-05,"A5","R4",4754,"yes",15
"4/8/2022 10:58:28",2022-04-08,"A2","R5",4777,"yes",15
"4/8/2022 14:25:36",2022-04-08,"A2","R4",4756,"yes",23
"4/8/2022 14:47:34",2022-04-08,"A5","R4",4768,"yes",15
"4/11/2022 15:10:43",2022-04-11,"A4","R5",4755,"yes",10
"4/11/2022 16:12:07",2022-04-11,"A2","R5",4778,"yes",35
"4/12/2022 8:06:17",2022-04-12,"A5","R1",4746,"yes",42
"4/12/2022 13:28:48",2022-04-12,"A2","R4",4783,"yes",20
"4/14/2022 8:25:30",2022-04-14,"A5","R1",4776,"yes",30
"4/14/2022 8:53:57",2022-04-14,"A5","R1",4785,"yes",20
"4/16/2022 8:34:54",2022-04-16,"A4","R1",4748,"yes",49
"4/16/2022 10:38:18",2022-04-16,"A5","R1",4788,"yes",32
"4/18/2022 9:25:18",2022-04-18,"A5","R1",4747,"yes",85
"4/18/2022 9:26:09",2022-04-14,"A5","R4",4747,"yes",28
"4/22/2022 15:46:01",2022-04-21,"A2","R4",4792,"yes",30
"4/22/2022 15:46:18",2022-04-22,"A2","R4",4792,"yes",15
"4/25/2022 9:38:45",2022-04-25,"A4","R1",4817,"yes",6
"4/25/2022 10:14:49",2022-04-25,"A5","R4",4814,"yes",15
"4/25/2022 17:20:12",2022-04-25,"A1","R4",4469,"yes",60
"4/26/2022 8:46:31",2022-04-26,"A5","R1",4814,"yes",20
"4/26/2022 11:12:22",2022-04-26,"A2","R4",4814,"yes",30
"4/27/2022 10:07:43",2022-04-27,"A4","R1",4805,"yes",38
"4/27/2022 10:08:08",2022-04-27,"A4","R1",4816,"yes",32
"4/29/2022 8:03:18",2022-04-29,"A4","R1",4769,"yes",61
"4/29/2022 15:22:58",2022-04-29,"A2","R4",4837,"yes",15
"5/2/2022 10:19:31",2022-05-02,"A2","R4",4841,"yes",10
"5/2/2022 10:29:19",2022-05-02,"A2","R4",4843,"yes",10
"5/4/2022 8:18:09",2022-05-04,"A4","R1",4808,"yes",45
"5/5/2022 14:13:41",2022-05-05,"A2","R4",4834,"yes",30
"5/6/2022 14:11:54",2022-05-06,"A2","R4",4834,"yes",20
"5/7/2022 9:42:26",2022-05-07,"A4","R1",4749,"no",100
"5/7/2022 10:11:16",2022-05-07,"A1","R1",4851,"yes",15
"5/7/2022 10:31:17",2022-05-07,"A1","R1",4850,"yes",30
"5/9/2022 9:36:35",2022-05-09,"A2","R4",4844,"yes",10
"5/9/2022 14:25:15",2022-05-09,"A2","R4",4835,"yes",30
"5/9/2022 16:08:30",2022-05-09,"A2","R4",4848,"yes",45
"5/9/2022 16:38:01",2022-05-09,"A2","R4",4858,"yes",15
"5/11/2022 8:12:20",2022-05-11,"A4","R1",4749,"no",50
"5/12/2022 7:15:06",2022-05-12,"A4","R1",4749,"yes",19
"5/14/2022 0:00:01",2022-05-14,"A2","R5",4860,"yes",24
"5/14/2022 2:32:05",2022-05-14,"A2","R5",4859,"yes",45
"5/14/2022 7:26:00",2022-05-14,"A1","R1",4733,"yes",95
"5/14/2022 8:02:52",2022-05-14,"A4","R1",4774,"no",23
"5/16/2022 11:55:13",2022-05-16,"A4","R1",4774,"yes",20
"5/17/2022 9:40:31",2022-05-17,"A4","R1",4758,"yes",30
"5/17/2022 10:22:19",2022-05-17,"A5","R4",4855,"yes",15
"5/17/2022 10:25:31",2022-05-17,"A5","R1",4807,"yes",5
"5/18/2022 7:52:11",2022-05-18,"A5","R1",4807,"yes",60
"5/19/2022 10:47:32",2022-05-19,"A1","R1",4725,"yes",35
"5/24/2022 9:49:57",2022-05-20,"A2","R5",4867,"yes",20
"5/25/2022 11:21:41",2022-05-25,"A5","R1",4888,"yes",20
"5/27/2022 7:20:51",2022-05-27,"A4","R1",4761,"yes",20
"5/27/2022 7:49:08",2022-05-27,"A4","R1",4880,"no",27
"5/28/2022 9:22:10",2022-05-28,"A4","R1",4881,"no",55
"5/30/2022 7:15:17",2022-05-30,"A2","R5",4867,"yes",50
"5/31/2022 7:59:09",2022-05-31,"A4","R1",4896,"yes",25
"6/2/2022 22:12:25",2022-06-03,"A2","R5",4902,"yes",22
"6/3/2022 17:02:41",2022-06-03,"A2","R4",4913,"yes",10
"6/6/2022 12:49:36",2022-06-06,"A2","R5",4920,"yes",17
"6/6/2022 12:52:33",2022-06-06,"A2","R5",4921,"yes",25
"6/7/2022 11:03:05",2022-06-07,"A1","R1",4893,"yes",23
"6/7/2022 13:50:09",2022-06-07,"A2","R4",4931,"yes",15
"6/7/2022 14:49:39",2022-06-07,"A2","R5",4926,"yes",180
"6/7/2022 15:30:55",2022-06-07,"A2","R5",4898,"yes",25
"6/8/2022 19:59:29",2022-06-08,"A5","R4",4929,"yes",15
"6/9/2022 8:35:48",2022-06-09,"A1","R1",4922,"yes",43
"6/9/2022 10:53:36",2022-06-09,"A4","R1",4944,"yes",13
"6/9/2022 11:20:05",2022-06-09,"A4","R1",4947,"yes",21
"6/10/2022 9:41:10",2022-06-10,"A4","R1",4919,"yes",39
"6/11/2022 8:42:16",2022-06-11,"A4","R1",4948,"yes",36
"6/11/2022 9:07:52",2022-06-11,"A5","R1",4876,"yes",20
"6/13/2022 10:09:10",2022-06-13,"A4","R1",4952,"no",35
"6/13/2022 10:28:58",2022-06-13,"A4","R1",4967,"yes",10
"6/13/2022 11:34:04",2022-06-13,"A2","R5",4923,"yes",70
"6/13/2022 14:17:42",2022-06-13,"A2","R5",4960,"yes",65
"6/14/2022 8:06:32",2022-06-14,"A4","R1",4952,"yes",16
"6/14/2022 8:16:22",2022-06-14,"A4","R1",4952,"yes",11
"6/14/2022 10:09:31",2022-06-14,"A2","R4",4952,"yes",60
"6/14/2022 10:50:10",2022-06-14,"A4","R1",4950,"yes",40
"6/15/2022 8:50:08",2022-06-15,"A2","R5",4969,"yes",12
"6/16/2022 14:36:47",2022-06-16,"A5","R4",4914,"yes",30
"6/16/2022 14:37:03",2022-06-16,"A5","R4",4965,"yes",10
"6/17/2022 8:45:50",2022-06-17,"A5","R1",4914,"yes",49
"6/17/2022 9:22:06",2022-06-17,"A5","R1",4965,"yes",7
"6/17/2022 9:29:03",2022-06-17,"A5","R1",4966,"yes",6
"6/17/2022 15:17:23",2022-06-17,"A5","R4",4915,"no",15
"6/17/2022 15:54:42",2022-06-17,"A2","R4",4899,"yes",40
"6/17/2022 16:26:45",2022-06-17,"A5","R4",4915,"yes",40
"6/18/2022 7:25:35",2022-06-18,"A1","R1",4885,"yes",70
"6/18/2022 7:46:13",2022-06-18,"A5","R1",4915,"yes",18
"6/18/2022 8:03:06",2022-06-18,"A5","R1",4915,"yes",15
"6/18/2022 8:09:50",2022-06-18,"A5","R1",4915,"yes",6
"6/18/2022 8:40:04",2022-06-18,"A4","R1",4759,"yes",20
"6/20/2022 9:51:18",2022-06-20,"A2","R4",4974,"yes",15
"6/20/2022 9:54:16",2022-06-20,"A2","R4",4959,"yes",30
"6/20/2022 10:37:07",2022-06-20,"A5","R4",4972,"yes",15
"6/20/2022 11:01:21",2022-06-20,"A5","R1",4972,"no",24
"6/21/2022 7:53:28",2022-06-21,"A5","R1",4972,"yes",25
"6/21/2022 7:59:10",2022-06-21,"A5","R1",4972,"yes",7
"6/21/2022 17:09:07",2022-06-21,"A5","R4",4971,"yes",45
"6/21/2022 19:33:04",2022-06-21,"A2","R4",4998,"yes",10
"6/22/2022 8:02:29",2022-06-22,"A5","R1",4971,"yes",12
"6/22/2022 8:23:14",2022-06-22,"A5","R1",4971,"yes",20
"6/22/2022 15:32:47",2022-06-22,"A5","R4",4917,"yes",30
"6/24/2022 6:33:34",2022-06-24,"A5","R1",4917,"yes",46
"6/24/2022 7:29:10",2022-06-24,"A4","R1",4760,"no",49
"6/25/2022 7:46:26",2022-06-25,"A4","R1",4760,"yes",36
"6/27/2022 10:44:50",2022-06-27,"A2","R5",4996,"yes",10
"6/27/2022 10:58:34",2022-06-27,"A2","R5",4995,"yes",22
"6/27/2022 12:41:45",2022-06-27,"A2","R5",4983,"yes",25
"6/27/2022 14:15:45",2022-06-22,"A2","R4",4999,"yes",40
"6/27/2022 14:16:03",2022-06-27,"A2","R4",5006,"yes",60
"6/27/2022 15:07:11",2022-06-27,"A2","R4",5008,"yes",60
"6/27/2022 15:50:32",2022-06-27,"A2","R4",5009,"yes",60
"6/28/2022 7:23:44",2022-06-28,"A5","R1",4916,"yes",42
"6/28/2022 7:37:16",2022-06-28,"A4","R1",4985,"yes",11
"6/28/2022 10:17:35",2022-06-28,"A5","R4",4992,"yes",15
"6/28/2022 15:29:14",2022-06-28,"A5","R4",5020,"yes",5
"6/29/2022 16:36:58",2022-06-29,"A5","R4",5023,"yes",5
"7/4/2022 9:21:40",2022-07-04,"A2","R4",5014,"yes",15
"7/4/2022 9:35:52",2022-07-04,"A2","R4",5014,"yes",15
"7/5/2022 8:02:25",2022-07-05,"A5","R1",4987,"yes",15
"7/5/2022 9:50:32",2022-07-05,"A4","R1",5012,"no",41
"7/5/2022 9:52:32",2022-07-05,"A2","R4",5012,"yes",30
"7/5/2022 10:10:30",2022-07-05,"A2","R4",5027,"yes",15
"7/5/2022 10:23:35",2022-07-05,"A1","R1",5000,"no",33
"7/5/2022 10:26:43",2022-07-05,"A2","R4",4991,"yes",15
"7/5/2022 10:41:30",2022-07-05,"A4","R2",5012,"yes",16
"7/6/2022 8:04:52",2022-07-06,"A5","R1",4986,"yes",8
"7/6/2022 8:25:44",2022-07-06,"A5","R1",4986,"yes",20
"7/6/2022 8:39:15",2022-07-06,"A5","R1",4986,"yes",14
"7/7/2022 8:05:15",2022-07-07,"A5","R1",4986,"yes",35
"7/7/2022 8:27:33",2022-07-07,"A5","R1",4988,"yes",7
"7/7/2022 13:30:43",2022-07-07,"A2","R4",5040,"yes",15
"7/7/2022 16:41:10",2022-07-07,"A2","R4",5016,"yes",15
"7/7/2022 16:42:27",2022-07-07,"A2","R4",5017,"yes",5
"7/8/2022 7:36:47",2022-07-08,"A4","R1",5013,"yes",46
"7/8/2022 10:30:28",2022-07-08,"A5","R1",5038,"yes",50
"7/8/2022 11:10:28",2022-07-08,"A5","R1",5038,"yes",11
"7/9/2022 6:59:01",2022-07-09,"A5","R1",5004,"yes",10
"7/9/2022 7:35:13",2022-07-09,"A5","R1",4986,"yes",35
"7/9/2022 7:43:15",2022-07-09,"A5","R1",5039,"yes",2
"7/11/2022 13:47:53",2022-07-11,"A2","R4",5041,"yes",60
"7/11/2022 13:54:28",2022-07-11,"A2","R4",5046,"yes",15
"7/11/2022 13:57:24",2022-07-11,"A2","R4",5010,"yes",5
"7/12/2022 10:38:59",2022-07-12,"A4","R1",5007,"no",15
"7/13/2022 8:15:08",2022-07-13,"A4","R1",5007,"yes",25
"7/16/2022 7:34:45",2022-07-16,"A5","R1",5049,"yes",12
"7/26/2022 8:17:10",2022-07-26,"A5","R1",5092,"yes",10
"7/29/2022 11:24:42",2022-07-29,"A2","R5",5142,"yes",20
"8/2/2022 20:47:02",2022-08-02,"A2","R4",5129,"yes",10
"8/3/2022 13:42:20",2022-08-03,"A2","R5",4945,"yes",45
"8/5/2022 9:32:28",2022-08-05,"A5","R1",5085,"yes",6
"8/5/2022 10:21:37",2022-08-05,"A5","R1",5026,"yes",45
"8/5/2022 12:12:16",2022-08-05,"A2","R5",5148,"yes",16
"8/8/2022 10:24:24",2022-08-08,"A5","R1",4984,"yes",19
"8/8/2022 16:49:03",2022-08-08,"A5","R1",4990,"yes",38
"8/8/2022 17:15:04",2022-08-08,"A5","R1",4990,"yes",25
"8/9/2022 11:29:40",2022-08-08,"A2","R5",5148,"yes",80
"8/9/2022 11:40:10",2022-08-09,"A2","R5",5148,"yes",20
"8/9/2022 12:00:07",2022-08-09,"A2","R5",5148,"yes",16
"8/9/2022 12:14:54",2022-08-09,"A2","R5",5148,"yes",15
"8/9/2022 12:16:40",2022-08-09,"A2","R5",5148,"yes",19
"8/9/2022 12:33:40",2022-08-09,"A2","R5",5148,"yes",20
"8/9/2022 13:02:02",2022-08-09,"A2","R5",4949,"yes",30
"8/9/2022 13:02:28",2022-08-09,"A2","R5",5148,"yes",5
"8/9/2022 13:43:39",2022-08-09,"A2","R5",4941,"yes",36
"8/10/2022 11:28:04",2022-08-10,"A2","R5",5166,"yes",22
"8/10/2022 11:28:43",2022-08-10,"A2","R1",5166,"yes",26
"8/10/2022 11:33:27",2022-08-10,"A2","R5",5166,"yes",10
"8/10/2022 12:36:41",2022-08-10,"A2","R5",5166,"yes",17
"8/10/2022 13:26:46",2022-08-10,"A2","R5",5166,"yes",15
"8/11/2022 8:41:56",2022-08-11,"A5","R1",5168,"yes",1
"8/11/2022 10:50:16",2022-08-11,"A2","R5",5166,"yes",18
"8/11/2022 12:34:04",2022-08-11,"A5","R1",5167,"yes",58
"8/13/2022 8:23:39",2022-08-13,"A5","R1",5160,"yes",26
"8/13/2022 9:10:43",2022-08-13,"A5","R4",5152,"yes",42
"8/15/2022 9:41:18",2022-08-15,"A2","R5",5166,"yes",11
"8/15/2022 11:51:25",2022-08-15,"A2","R5",5098,"yes",35
"8/15/2022 12:23:59",2022-08-15,"A2","R5",4927,"yes",12
"8/15/2022 12:44:39",2022-08-15,"A2","R5",4927,"yes",10
"8/15/2022 13:15:44",2022-08-15,"A2","R5",4927,"yes",12
"8/15/2022 13:16:19",2022-08-15,"A2","R5",4927,"yes",13
"8/15/2022 14:03:36",2022-08-15,"A2","R5",4927,"yes",14
"8/15/2022 14:37:00",2022-08-15,"A2","R4",4927,"yes",16
"8/15/2022 14:37:30",2022-08-15,"A2","R5",4927,"yes",14
"8/15/2022 15:41:40",2022-08-15,"A2","R5",5177,"yes",10
"8/16/2022 7:55:08",2022-08-16,"A5","R1",5170,"yes",13
"8/18/2022 7:24:38",2022-08-18,"A5","R5",4961,"yes",33
"8/19/2022 14:36:19",2022-08-19,"A2","R5",4897,"yes",35
"8/19/2022 15:02:55",2022-08-19,"A2","R5",5196,"yes",15
"8/22/2022 12:04:34",2022-08-22,"A2","R5",4901,"yes",32
"8/22/2022 12:25:07",2022-08-22,"A2","R5",5198,"yes",18
"8/22/2022 12:43:18",2022-08-22,"A2","R5",5198,"yes",15
"8/22/2022 12:46:42",2022-08-22,"A2","R5",5198,"yes",8
"8/22/2022 13:02:29",2022-08-22,"A2","R5",5198,"yes",12
"8/22/2022 13:17:51",2022-08-22,"A2","R5",5198,"yes",13
"8/22/2022 13:24:18",2022-08-22,"A2","R5",5198,"yes",5
"8/22/2022 13:44:45",2022-08-22,"A2","R5",5198,"yes",18
"8/22/2022 14:04:55",2022-08-22,"A2","R5",5198,"yes",14
"8/22/2022 14:54:19",2022-08-22,"A2","R5",5200,"yes",14
"8/22/2022 15:38:28",2022-08-22,"A2","R5",5200,"yes",16
"8/22/2022 16:01:17",2022-08-22,"A2","R5",5200,"yes",14
"8/22/2022 16:14:52",2022-08-22,"A2","R5",5200,"yes",10
"8/22/2022 16:58:14",2022-08-22,"A2","R5",5197,"yes",17
"8/23/2022 8:40:15",2022-08-23,"A5","R1",5176,"yes",9
"8/23/2022 10:58:54",2022-08-23,"A5","R1",4883,"no",33
"8/23/2022 12:10:25",2022-08-23,"A2","R5",5003,"yes",37
"8/24/2022 8:10:52",2022-08-24,"A5","R4",4883,"yes",23
"8/26/2022 7:48:28",2022-08-26,"A5","R1",5175,"yes",5
"8/26/2022 8:01:02",2022-08-26,"A5","R1",5201,"yes",11
"8/27/2022 8:33:51",2022-08-27,"A5","R1",5218,"yes",30
"8/28/2022 7:42:35",2022-08-28,"A5","R1",5192,"yes",27
"8/30/2022 10:11:09",2022-08-30,"A5","R1",5154,"yes",25
"8/30/2022 11:18:38",2022-08-30,"A5","R1",5225,"yes",5
"8/31/2022 7:22:41",2022-08-31,"A5","R1",5217,"no",32
"8/31/2022 14:16:24",2022-08-31,"A2","R5",5202,"yes",5
"8/31/2022 14:26:04",2022-08-31,"A2","R5",5202,"yes",10
"9/1/2022 7:48:16",2022-09-01,"A5","R1",5227,"no",10
"9/2/2022 7:54:43",2022-09-02,"A5","R1",5239,"yes",6
"9/3/2022 7:52:57",2022-09-03,"A5","R1",5217,"no",36
"9/6/2022 9:38:16",2022-09-06,"A2","R5",4809,"yes",16
"9/6/2022 10:19:51",2022-09-06,"A2","R5",5203,"yes",40
"9/6/2022 12:07:15",2022-09-06,"A2","R5",5242,"yes",15
"9/6/2022 12:58:34",2022-09-06,"A2","R5",5224,"yes",22
"9/6/2022 13:27:46",2022-09-06,"A2","R5",5079,"yes",15
"9/6/2022 13:42:39",2022-09-06,"A2","R5",5243,"yes",25
"9/6/2022 20:09:58",2022-09-06,"A2","R4",5222,"yes",15
"9/7/2022 7:50:26",2022-09-07,"A5","R1",4806,"yes",18
"9/8/2022 8:31:24",2022-09-08,"A5","R1",4810,"yes",6
"9/11/2022 9:34:33",2022-09-11,"A5","R1",5217,"yes",41
"9/12/2022 15:17:12",2022-09-12,"A2","R5",5253,"yes",17
"9/12/2022 15:33:10",2022-09-12,"A2","R5",5253,"yes",18
"9/12/2022 16:31:18",2022-09-12,"A2","R5",5253,"yes",13
"9/12/2022 16:44:40",2022-09-12,"A2","R5",5253,"yes",8
"9/12/2022 17:16:59",2022-09-12,"A2","R4",4832,"yes",15
"9/12/2022 17:17:41",2022-09-12,"A2","R4",5269,"yes",30
"9/13/2022 16:28:09",2022-09-13,"A2","R4",5179,"yes",15
"9/14/2022 10:19:21",2022-09-14,"A5","R1",8283,"yes",8
"9/14/2022 11:11:59",2022-09-14,"A5","R1",5257,"yes",20
"9/17/2022 7:02:25",2022-09-17,"A5","R1",5288,"no",10
"9/19/2022 11:04:55",2022-09-19,"A5","R1",5288,"yes",15
"9/19/2022 13:16:01",2022-09-19,"A2","R5",5298,"yes",63
"9/19/2022 14:33:34",2022-09-19,"A2","R5",5299,"yes",43
"9/21/2022 16:36:12",2022-09-21,"A2","R5",5254,"yes",21
"9/23/2022 7:53:14",2022-09-23,"A5","R1",5310,"yes",21
"9/23/2022 17:53:28",2022-09-23,"A2","R5",5254,"yes",34
"9/23/2022 22:29:26",2022-09-23,"A2","R4",5252,"yes",15
"9/24/2022 10:11:30",2022-09-24,"A5","R1",5323,"no",88
"9/26/2022 19:42:21",2022-09-26,"A2","R5",5334,"yes",14
"9/26/2022 19:49:00",2022-09-26,"A2","R5",5334,"yes",12
"9/26/2022 19:57:11",2022-09-26,"A2","R5",5334,"yes",15
"9/26/2022 20:35:51",2022-09-26,"A2","R5",5334,"yes",12
"9/26/2022 20:47:45",2022-09-26,"A2","R5",5328,"yes",14
"9/27/2022 6:43:46",2022-09-27,"A4","R1",5311,"yes",6
"9/27/2022 6:52:42",2022-09-27,"A5","R1",5323,"yes",5
"9/27/2022 7:25:49",2022-09-27,"A5","R1",5323,"yes",33
"9/27/2022 8:18:26",2022-09-27,"A5","R1",5323,"yes",43
"9/28/2022 10:42:44",2022-09-28,"A2","R4",5252,"yes",15
"9/28/2022 11:34:07",2022-09-28,"A2","R4",5252,"yes",5
"9/28/2022 14:27:31",2022-09-28,"A2","R5",5334,"yes",32
"9/29/2022 8:15:55",2022-09-29,"A5","R1",5314,"yes",10
"10/4/2022 16:48:29",2022-10-04,"A2","R5",5376,"yes",15
"10/4/2022 16:49:06",2022-10-04,"A2","R5",5376,"yes",14
"10/4/2022 20:40:54",2022-10-04,"A5","R4",4930,"yes",30
"10/4/2022 20:41:12",2022-10-04,"A5","R4",5378,"yes",30
"10/5/2022 6:43:08",2022-10-05,"A5","R1",4930,"yes",21
"10/5/2022 7:12:30",2022-10-05,"A5","R1",5391,"no",26
"10/5/2022 7:27:57",2022-10-05,"A5","R1",5378,"yes",18
"10/6/2022 7:23:12",2022-10-06,"A6","R1",5319,"no",6
"10/6/2022 7:49:53",2022-10-06,"A6","R1",5381,"yes",2
"10/6/2022 11:04:53",2022-10-06,"A6","R1",5379,"yes",6
"10/6/2022 11:06:54",2022-10-06,"A6","R1",5319,"yes",10
"10/7/2022 14:49:11",2022-10-07,"A5","R4",5356,"yes",15
"10/9/2022 8:48:08",2022-10-09,"A6","R1",5380,"yes",15
"10/9/2022 8:48:47",2022-10-09,"A5","R1",5294,"yes",45
"10/9/2022 9:23:16",2022-10-09,"A6","R1",5382,"yes",20
"10/9/2022 9:36:35",2022-10-09,"A6","R1",5416,"yes",13
"10/11/2022 13:19:57",2022-10-11,"A2","R5",5440,"yes",65
"10/14/2022 9:33:30",2022-10-14,"A2","R4",5445,"yes",10
"10/16/2022 9:12:25",2022-10-16,"A5","R1",5359,"yes",49
"10/17/2022 13:01:07",2022-10-17,"A6","R5",5419,"yes",90
"10/17/2022 16:49:01",2022-10-17,"A2","R4",5363,"yes",15
"10/18/2022 16:26:01",2022-10-18,"A5","R4",5362,"yes",15
"10/18/2022 20:14:20",2022-10-17,"A6","R5",5419,"no",65
"10/26/2022 11:37:58",2022-10-26,"A2","R5",5485,"yes",30
"10/31/2022 11:50:07",2022-10-28,"A2","R5",5471,"yes",45
